id,name,subsidiary,therapeutic_area,category,type,tagline,overview,features,indication,patient_population,specs,fda,ce,nmpa,pmda,reg_notes,image
firehawk,Firehawk®,MicroPort Coronary,Coronary,Stents & scaffolds,Drug-eluting stent,Sirolimus target-eluting coronary stent system,Combines targeted (abluminal) drug release with robust clinical validation for precise drug delivery to the lesion and faster vessel healing across routine and complex PCI.,"Unique abluminal groove design with ultra-low drug load | Bioabsorbable polymer confined to the grooves | Validated across the global TARGET program (>8,500 patients)",Improving coronary luminal diameter in symptomatic ischemic heart disease or silent ischemia due to native lesions ≤34 mm (US); ≤60 mm ex-US. Reference vessel diameter ≥2.25–4.0 mm.,Adults suitable for percutaneous coronary intervention (PCI).,Stent length: 13–38 mm | Stent diameter: 2.25–4.00 mm | Drug: Sirolimus (abluminal) | Polymer: Bioabsorbable,in progress,cleared,cleared,,FDA: PMA in progress (IDE #G170070). CE: MDR 3831006CE01 (Mar 2026). NMPA: cleared 2014.,firehawk.jpg
firehawk_liberty,Firehawk Liberty®,MicroPort Coronary,Coronary,Stents & scaffolds,DES — next-gen delivery,Next-generation Firehawk delivery system,"Builds on the Firehawk platform with a next-generation delivery system for complex anatomies — ultra-low crossing profile, enhanced trackability and crossability.","Dual-layer balloon enhances pressure resistance, reduces dislodgement/rupture risk | Gradient-stiffness distal outer shaft improves pushability/trackability | Fluorinated inner shaft for smooth guidewire navigation",De novo native coronary lesions ≤60 mm; reference vessel diameter ≥2.25–4.0 mm.,Adults suitable for PCI.,Stent length: 8–38 mm | Stent diameter: 2.25–4.00 mm,,cleared,cleared,,CE: cleared. NMPA: cleared 2019.,firehawk_liberty.jpg
firesorb,Firesorb®,MicroPort Coronary,Coronary,Stents & scaffolds,Bioresorbable scaffold,Bioresorbable sirolimus-eluting coronary scaffold,Single-sided drug coating with targeted release to mitigate delayed endothelial healing; 100–125 μm struts balance strength with controlled degradation.,Single-sided (abluminal) coating with targeted release | 5-yr FUTURE II RCT: 0% stent thrombosis | Controlled bioresorption,"Ischemic heart disease, de novo native lesions <25 mm; reference vessel diameter ≥2.5–4.0 mm.","Adults with de novo, native, single-vessel, single-lesion stenosis.",Scaffold length: 13–29 mm | Scaffold diameter: 2.50–4.00 mm | Strut thickness: 100–125 μm,,,cleared,,NMPA: cleared Jul 2024.,firesorb.jpg
firefighter_pro,Firefighter® Pro,MicroPort Coronary,Coronary,Balloon catheters,PTCA balloon (semi-compliant),Pro PTCA balloon dilatation catheter,Rapid-exchange semi-compliant balloon; minimal crossing profile and dual-layer polyamide outer shaft with gradient stiffness for superior trackability.,Ultra-low profile | Superior deliverability | Higher dilatation force,Balloon dilatation of stenotic coronary artery or bypass graft to improve myocardial perfusion.,Adults requiring coronary intervention and balloon dilatation.,Length: 6–30 mm | Diameter: 1.50–4.00 mm,cleared,cleared,cleared,,"FDA: K252116 (Apr 2026). CE & NMPA cleared. Non-clinical pathway (predicate: TREK/MINI TREK RX, Abbott).",firefighter_pro.jpg
firefighter_ncpro,Firefighter® NC Pro,MicroPort Coronary,Coronary,Balloon catheters,PTCA balloon (non-compliant),NC Pro PTCA balloon dilatation catheter,Rapid-exchange non-compliant balloon; optimized tip for stent-cell crossing; three-layer balloon for high-pressure resistance with trackability.,Excellent recrossability | High pressure resistance | Low entry profile,Balloon dilatation of native coronary/bypass graft stenosis; post-dilatation of balloon-expandable stents (2–5 mm).,Adults requiring coronary intervention and balloon dilatation.,Length: 6–30 mm | Diameter: 2.00–5.50 mm,cleared,,cleared,,"FDA: K223189 (Jul 2023). NMPA cleared. Non-clinical pathway (predicate: NC Emerge Monorail, Boston Scientific).",firefighter_ncpro.jpg
firelimus,Firelimus®,MicroPort Coronary,Coronary,Balloon catheters,Drug-coated balloon,Sirolimus-coated coronary balloon catheter,For coronary bifurcation lesions; pure sirolimus with patented microcrystalline coating; excipient-free for efficient transfer and sustained retention up to 28 days.,"Pure sirolimus coating, no excipient | Patented MicroCrystalute technology | Sustained retention up to 28 days","Primary coronary bifurcation lesions, vessel diameter 2.0–4.0 mm.",Adults with primary coronary bifurcation lesions.,Length: 10–40 mm | Diameter: 2.00–4.00 mm,,,cleared,,NMPA: cleared Jan 2025.,firelimus.jpg
fireraptor,FireRaptor™,MicroPort Coronary,Coronary,Thrombectomy & atherectomy,Rotational atherectomy,Integrated coronary rotational atherectomy system,Vessel preparation in heavily calcified lesions; full diamond coverage with bidirectional rotation minimizes wire bias for uniform ablation.,Eccentric burr — effective single-burr plaque modification | Bidirectional rotation | One-touch speed control (3 presets),Pre-treatment of severely calcified coronary lesions before stent implantation.,Adults; NYHA I–III; LVEF ≥30%.,Console: MPA-1000 | Guidewire: LMRW330,,,cleared,,NMPA: cleared Dec 2024.,fireraptor.jpg
tomahawk,TomaHawk™,MicroPort Coronary,Coronary,Thrombectomy & atherectomy,Intravascular lithotripsy,Intravascular lithotripsy (IVL) system,Controlled acoustic pressure waves modify superficial and deep calcium; low-pressure balloon plus shockwave minimizes vessel trauma while improving lesion compliance.,"First real-time balloon pressure monitoring | Patented electrode: ~50 atm effect at 0.031"" OD | 18 specifications — broadest size range",Pre-treatment/dilatation of de novo calcified coronary lesions (stenosis ≥50%) before stenting.,Adults.,Console: MPA-1000 | Catheter length: 12–20 mm | Diameter: 2.00–4.00 mm,,,cleared,,NMPA: cleared Jan 2025.,tomahawk.jpg
firespear,FireSpear™,MicroPort Coronary,Coronary,Thrombectomy & atherectomy,CTO crossing system,Piezoelectric coronary CTO crossing system,"Active guidewire using the piezoelectric effect to generate high-frequency tip vibration, penetrating calcified caps of CTO lesions via an antegrade approach.",Enhanced penetration of resistant fibrotic/calcified caps | Lesion-targeted energy improves revascularization | May reduce wire escalation and procedure time,PCI in adults with chronic total occlusion (CTO).,Adults.,"Console: ATC-1000 | Guidewire: 0.014"" × 1800 mm",,,cleared,,NMPA: cleared Feb 2026.,firespear.jpg
outsight,Outsight® & Decypher™,MicroPort Coronary,Coronary,Intravascular imaging,IVUS imaging,Intravascular ultrasound (IVUS) catheter & system,High-frequency miniaturized transducer for HD endovascular imaging with real-time 360° tomographic scanning and full-cycle automatic pullback.,50 MHz acoustic frequency | Six pullback speeds (0.5–40 mm/s) | Ultra-high-resolution tomographic imaging,IVUS imaging assessment of coronary artery lesions.,Adults requiring vascular interventional therapy.,Catheter: MI-W0002 | System: MI-310 / 320 / 330,in progress,,cleared,,"NMPA: cleared Oct 2024 (trial exemption). FDA: 510(k) pre-submission, planned Dec 2027.",outsight.jpg
vitaflow,VitaFlow®,MicroPort CardioFlow,Structural Heart,Heart valves,TAVI valve & delivery,Transcatheter aortic valve & delivery system,China's first approved self-expanding TAVI with bovine pericardial leaflets for severe degenerative aortic stenosis.,Dual-layer skirt minimizes paravalvular leak | High-density inflow mesh for calcified/bicuspid valves | Electric handle for stable deployment,"Symptomatic, calcified, severe degenerative native aortic stenosis, ineligible for surgery, age ≥70.","Severe aortic stenosis, including LVEF <50% and surgically unsuitable patients.",Aortic valve: TAV21–TAV30 | Delivery: RS21–RS30 / 16–18FL,,,cleared,,"NMPA: cleared Jul 2019. Risk: high for US, low for EU/China.",vitaflow.jpg
vitaflow_liberty,VitaFlow Liberty®,MicroPort CardioFlow,Structural Heart,Heart valves,TAVI (retrievable),Retrievable transcatheter aortic valve & delivery system,Same valve as VitaFlow with a retrievable delivery system for repositioning; 360° omnidirectional bending sheath; 16/17F-equivalent inline catheter.,Retrievability for position adjustment | 360° omnidirectional bending sheath | 16/17F-equivalent inline catheter,Symptomatic calcific severe aortic stenosis at high surgical risk (STS ≥8% or heart-team consensus).,High surgical risk.,Aortic valve: TAV21–TAV30 | Delivery: DSR21–DSR30,,cleared,cleared,,CE: cleared Apr 2024. NMPA: cleared Aug 2021.,vitaflow_liberty.jpg
vitaflow_flex,VitaFlow Liberty® Flex,MicroPort CardioFlow,Structural Heart,Heart valves,TAVI delivery system,Retrievable & steerable TAVI delivery system,"Flexible retrievable, steerable delivery system with 3D bending control for easier aortic-arch navigation and coaxial release.",3D bending control for aortic-arch navigation | Coaxial release | Used with the company's approved aortic valve,Patients ≥70 with symptomatic severe degenerative aortic stenosis unsuitable for surgery.,"Severe aortic stenosis, surgically unsuitable.",Type: Steerable retrievable delivery system,,,cleared,,NMPA: cleared Dec 2024. No pre-market clinical trials.,vitaflow_flex.jpg
anchorman,AnchorMan®,MicroPort CardioFlow,Structural Heart,Heart valves,LAAC device,Left atrial appendage closure device,Stroke prevention for AF patients via reliable LAA closure; semi-closed plug with rounded distal end (3D folding) for atraumatic movement.,"3D folding semi-closed plug, atraumatic | Conforms to LAA morphology for stable implantation","NVAF with CHA₂DS₂-VASc ≥2, to prevent LAA thrombus embolization.",NVAF at high ischemic-stroke risk.,Models: FL20–FL35,,cleared,cleared,,NMPA: cleared Jan 2024. CE: cleared Feb 2025.,anchorman.jpg
columbus,Columbus® 3D EP,MicroPort EverPace,Electrophysiology,EP mapping & diagnostics,Navigation system,3D cardiac mapping & navigation system,Creates precise cardiac chamber models via magnetic-field positioning; integrates real-time ECG and structural imaging for complex arrhythmia treatment.,"Magnetic + impedance tracking, real-time mapping | One-click CT/MRI segmentation & merge | Real-time contact force, Energy Index, Smart Label",Catheter-based cardiac EP procedures — electrical activity and catheter location.,"Adults, men or non-pregnant women.",Model: EPE-SYS-1A,cleared,cleared,cleared,,NMPA: 2016. CE: 2024. FDA: 510(k) cleared.,columbus.jpg
trueforce,TrueForce™,MicroPort EverPace,Electrophysiology,EP mapping & diagnostics,RF/PF dual-energy catheter,RF/PF dual-energy ablation catheter,Real-time monitoring of ablation force and direction with magnetic positioning; RF and PF dual energy with ablation index.,RF + PF dual energy (with indices) | Real-time contact force & vector | Magnetic positioning,"Cardiac EP mapping and, with an RF generator, cardiac ablation; real-time contact force; location with Columbus.","Adults, men or non-pregnant women.",Models: EPV8…TOC / TOM series,cleared,cleared,cleared,,"FDA: PMA cleared. CE: PAF-RFA 2024 (PF/dual pending). NMPA: PAF-RFA 2022, SVT-PFA 2025 (dual pending).",trueforce.jpg
easystars,EasyStars™,MicroPort EverPace,Electrophysiology,EP mapping & diagnostics,HD mapping catheter,High-density mapping catheter,Star-shaped structure with magnetic positioning for optimized signal capture; 1-mm electrodes for high-resolution signals.,1-mm electrodes for high-resolution signals | 3F soft spline for maneuverability | Magnetic positioning,Multi-electrode EP mapping of cardiac structures; location with compatible 3D navigation.,"Adults, men or non-pregnant women.",Models: EPTA7D4–C0G026,cleared,cleared,cleared,,NMPA: 2022. CE: 2026. FDA: 510(k) cleared. No pre-market clinical trials.,easystars.jpg
easyecho,EasyEcho™,MicroPort EverPace,Electrophysiology,EP mapping & diagnostics,ICE ultrasound catheter,Intracardiac ultrasound (ICE) catheter,Micro ultrasound transducer with magnetic tracking for 3D navigation; AI-based 3D reconstruction via the Columbus Intelligent Echo module.,AI-based 3D ICE reconstruction | Magnetic tracking sensor | Integrates with Columbus,Ultrasound imaging of intracardiac structures; catheter positioning with Columbus (EPICE9FS/7FS).,"Adults, men or non-pregnant women.",Models: EPICE9FS / 7FS / 9FN / 7FN,cleared,not cleared,cleared,,NMPA: 2026. FDA: 510(k) cleared. CE: not cleared.,easyecho.jpg
pulsemagic_cath,PulseMagic™ PFA Catheter,MicroPort EverPace,Electrophysiology,Ablation catheters,PFA catheter,Pulsed field ablation catheter (flower-shaped one-shot),"High-intensity, short-pulse electric field for selective tissue ablation; flower-shaped design fits PV anatomy for efficient single-shot PVI.",Flower-shaped one-shot design | Efficient single-shot PVI | 3D mapping integrated,Cardiac EP mapping and tissue ablation with the generator.,"Adults, men or non-pregnant women.",Type: Shangyang flower-shaped catheter,in progress,not cleared,cleared,,NMPA: cleared 2026. FDA: PMA with clinical trials (in progress). CE: not cleared.,pulsemagic_cath.jpg
pulsemagic_gen,PulseMagic™ PFA Generator,MicroPort EverPace,Electrophysiology,EP generators & accessories,PFA generator,Nanosecond pulsed field generator,New-generation PFA console (nanosecond pulsed field) with less microbubble and muscle stimulation; companion to the PulseMagic catheter.,Nanosecond pulsed field generator | Less microbubble & muscle stimulation,Cardiac tissue ablation with the catheter.,"Adults, men or non-pregnant women.",Model: SYNE-PFA-1A,in progress,cleared,not cleared,,CE: cleared 2026. FDA: PMA with clinical trials (in progress). NMPA: not cleared.,pulsemagic_gen.jpg
optimablate_gen,OptimAblate™ RF Generator,MicroPort EverPace,Electrophysiology,EP generators & accessories,RF generator,Cardiac RF ablation generator,Integrates smart technology to ensure safety and efficacy of RF ablation therapy.,Smart RF delivery for safety and efficacy,Use with ablation catheters during cardiac ablation procedures.,"Adults, men or non-pregnant women.",Model: EPE-CRF-1A,cleared,cleared,cleared,,NMPA: 2019. CE: 2015. FDA: PMA cleared.,optimablate_gen.jpg
optimablate_pump,OptimAblate™ Irrigation Pump,MicroPort EverPace,Electrophysiology,EP generators & accessories,Irrigation pump,Ablation irrigation pump,"Synchronizes with ablation devices to cool tissue at the ablation site, enhancing procedural efficiency and safety.",Synchronizes with ablation devices | Tissue-temperature cooling at the ablation site,Compatible with the OptimAblate RF generator to cool tissue at the ablation site.,"Adults, men or non-pregnant women.",Model: EPE-IGP-1A,cleared,cleared,cleared,,NMPA: 2017. CE: 2015. FDA: 510(k) cleared. No pre-market clinical trials.,optimablate_pump.jpg
cratos,Cratos™,MicroPort Endovastec,Aortic & Peripheral,Stent-grafts,Single-branch TEVAR,Thoracic branch stent-graft system,Next-gen single-branch TEVAR inheriting Castor's integrated branch design; upgraded delivery with active bird-beak control (ABC).,"Only integrated single-branch device with bird-beak prevention | Simultaneous main-body + branch deployment | Conforms to natural anatomy, preserves hemodynamics",Thoracic aortic dissection involving the left subclavian artery (acute/chronic). Investigational: thoracic aneurysm (US).,Type B dissection involving the LSA (~1/3 of cases).,Proximal diameter: 20–44 mm | Covered length: 60–260 mm | Sheath: 20–22F,,submitted,cleared,,"NMPA: cleared 2025. CE: submitted, est. H1 2027 (CMD exempt).",cratos.jpg
hector,Hector™,MicroPort Endovastec,Aortic & Peripheral,Stent-grafts,Triple-branch arch graft,Thoracic multi-branch (arch) stent-graft system,Fully endovascular triple-branch arch graft with rapid deployment of all three branches without flow interruption; post-deployment adjustability.,Fully endovascular triple-branch — avoids open/hybrid arch repair | Self-aligning integrated brachiocephalic stent | Preloaded LSA catheter; movable inner tunnels for LCCA/LSA,Aortic arch aneurysm and ulcer. Investigational: chronic / post-type-A dissection.,Arch aneurysms (~10% of thoracic aortic aneurysms).,Type: Fully endovascular triple-branch arch system,in progress,submitted,in progress,,FDA: Breakthrough Device Designation (Feb 2026). NMPA: Green Path (special review). CE: CMD.,hector.jpg
talos,Talos®,MicroPort Endovastec,Aortic & Peripheral,Stent-grafts,Tubular TEVAR,Thoracic stent-graft system,Thoracic aortic stent with distal honeycomb perforations to maintain intercostal perfusion; max 260 mm length improves distal true-lumen revascularization.,First hybrid graft designed for type B dissection | Distal honeycomb reduces intercostal-coverage complications | 260 mm length supports true-lumen revascularization,Stanford type B aortic dissection (acute/chronic). Investigational: thoracic aneurysm (US).,Type B dissection.,Proximal diameter: 20–44 mm | Covered length: 60–260 mm | Sheath: 20–22F,,cleared,cleared,,NMPA: cleared 2022. CE: 2026. NMPA Green Path since 2017.,talos.jpg
minos,Minos®,MicroPort Endovastec,Aortic & Peripheral,Stent-grafts,AAA EVAR system,Abdominal aortic stent-graft & delivery system,Ultra-low-profile 14F main-body / 12F limb delivery with a 'leave-behind' sheath (<5 mm OD); tri-modular design for controlled deployment.,Among the world's slimmest sheaths (~14F / 5.5 mm) | Barbed proximal anchoring + helical limb design | 'Leave-behind' sheath reduces access complications,Endovascular treatment of AAA with proximal aneurysm-neck length ≥15 mm.,AAA patients (prevalence 1.7–8%; predominantly older men).,MB proximal diameter: 22–34 mm | Sheath: 12F limb / 14–16F main body,,cleared,cleared,,NMPA: cleared 2019. CE: 2019/2025.,minos.jpg
aorfix,Aorfix™,MicroPort Endovastec,Aortic & Peripheral,Stent-grafts,AAA stent-graft (angulated necks),Abdominal aortic stent-graft system,Flexible helical stent conforms to proximal neck angles up to 90°; fishmouth proximal design enables pararenal fixation for enhanced anchoring.,First device indicated for neck angulation up to 90° | Helical stent structure | Fishmouth pararenal fixation,"AAA, particularly highly angulated or complex aortic anatomies.",AAA patients with challenging neck anatomy.,Main-body length: 81–126 mm | Main-body diameter: 24 / 27 / 31 mm | Delivery: 16–18F,cleared,cleared,,,Established global product (CE & FDA cleared).,aorfix.jpg
aegis,Aegis®,MicroPort Endovastec,Aortic & Peripheral,Stent-grafts,Bifurcated abdominal aortic stent-graft system,Integrated unibody AAA stent-graft with bifurcated design,The Aegis® is a bifurcated abdominal aortic stent-graft system combining a unibody main body with iliac limbs for endovascular aneurysm repair. The delivery system outer sheath diameter is 22F.,Bifurcated and unibody configurations | Main stent graft diameters 20–36 mm | Limb stent graft diameters 12–20 mm | Delivery system outer sheath 22F,Endovascular repair of abdominal aortic aneurysms,Patients with abdominal aortic aneurysms requiring endovascular repair,Main Stent Graft Diameter: 20–36 mm | Limb Stent Graft Diameter: 12–20 mm | Main Body Length: 40–130 mm | Limb Length: 40–100 mm | Delivery Sheath: 22F,,,cleared,,NMPA 20193131931.,aegis.jpg
hercules-low-profile,Hercules® Low Profile,MicroPort Endovastec,Aortic & Peripheral,Stent-grafts,Low-profile thoracic aortic stent-graft system,Straight thoracic stent-graft with low-profile delivery for aortic arch navigation,The Hercules® Low Profile is a tubular thoracic aortic stent-graft designed for thoracic aortic aneurysm repair. Its low-profile delivery system facilitates navigation through the aortic arch.,Low-profile delivery system | Tubular stent-graft configuration | Catheter outer diameters 14–20F | Delivery working length 500–850 mm | Bracket lengths 40–160 mm or 180–200 mm,Endovascular repair of thoracic aortic aneurysms,Patients with thoracic aortic aneurysms requiring endovascular repair,Graft Diameter: 12–44 mm | Catheter Outer Diameter: 14–20F | Delivery Working Length: 500–850 mm | Bracket Length: 40–160 mm or 180–200 mm (size-dependent),,cleared,cleared,,"NMPA 20153130517. CE M.2020.106.13468, M.2020.106.13468-1.",hercules-low-profile.jpg
castor,Castor®,MicroPort Endovastec,Aortic & Peripheral,Stent-grafts,Branched aortic stent-graft system,World's first unibody single-branched aortic stent-graft,"The Castor® is a branched aortic stent-graft system and is recognized as the world's first unibody single-branched stent graft. It is indicated for endovascular repair of aortic aneurysms involving the left subclavian artery, delivered via a 24F outer sheath.",Unibody single-branched design | 24F delivery sheath | Main body proximal diameters 26–44 mm | Branch distal diameters 6–14 mm | Main body lengths 120–210 mm,"Endovascular repair of aortic aneurysms requiring preservation of branch vessels (e.g., left subclavian artery)",Patients with thoracic aortic aneurysms involving branch vessels,Mainbody Proximal Diameter: 26–44 mm | Mainbody Distal Diameter: 20–44 mm | Branch Distal Diameter: 6–14 mm | Mainbody Length: 120–210 mm | Branch Length: 25–45 mm | Delivery Sheath: 24F,,cleared,cleared,,NMPA 20173133241. CE MDR 764415 R000.,castor.jpg
hercules-bifurcated,Hercules® Bifurcated,MicroPort Endovastec,Aortic & Peripheral,Stent-grafts,Bifurcated abdominal aortic stent-graft system,Classic split-structure abdominal aortic stent-graft for durable aneurysm repair,The Hercules® Bifurcated is a classic split-structured abdominal aortic stent-graft designed for durability and reliability in endovascular aneurysm repair. The delivery system uses a 16F sheath for the contralateral limb and 20F or 22F for the main body.,Split bifurcated structure | Main body sheath 20F/22F; contralateral limb 16F | Main body diameters 20–34 mm | Contralateral limb diameters 12–18 mm | Main body lengths 130–170 mm,Endovascular repair of abdominal aortic aneurysms,Patients with abdominal aortic aneurysms requiring endovascular repair,"Mainbody Stent Graft Diameter: 20–34 mm | Mainbody Stent Graft Length: 130–170 mm | Contralateral Limb Diameter: 12–18 mm | Delivery Sheath: 16F (limb), 20F/22F (mainbody)",,,cleared,,NMPA 20193131892.,hercules-bifurcated.jpg
hercules-balloon-inflation-catheter,Hercules® Balloon Inflation Catheter,MicroPort Endovastec,Aortic & Peripheral,Balloon catheters,Aortic balloon inflation catheter,Balloon catheter for posterior aortic dilation,"The Hercules® Balloon Inflation Catheter is designed for posterior aortic dilation, with a maximum balloon inflation diameter of 40 mm and a catheter working length of 100 mm.",Max balloon inflation diameter 32–40 mm | Catheter working length 100 mm,Posterior aortic dilation during endovascular procedures,,Max Inflation Diameter: 32–40 mm | Catheter Working Length: 100 mm,,cleared,cleared,,"NMPA 20193031812. CE M.2021.106.14548, M.2021.106.14584-1.",hercules-balloon-inflation-catheter.jpg
cronus,CRONUS®,MicroPort Endovastec,Aortic & Peripheral,Stent-grafts,Intraoperative aortic stent graft,Classic intraoperative stent graft designed for Sun's Surgery technique,CRONUS® is an intraoperative stent graft paired with the Sun's Surgery technique for surgical aortic repair. It is available in a range of lengths and diameters to accommodate varying anatomies.,Designed for intraoperative use with Sun's Surgery | Lengths 20–150 mm | Diameters 21–32 mm,Surgical aortic repair using the frozen elephant trunk (Sun's Surgery) technique,Patients undergoing surgical repair of the aortic arch and descending aorta,Length: 20–150 mm | Diameter: 21–32 mm,,,cleared,,NMPA 20193131889.,cronus.jpg
fontus,Fontus®,MicroPort Endovastec,Aortic & Peripheral,Stent-grafts,Branched intraoperative stent graft system,Simplified branched elephant trunk stent for intraoperative aortic repair,Fontus® is a branched stent graft system designed for intraoperative use as a simplified elephant trunk with a branched configuration. It accommodates a range of artificial vessel and stent graft dimensions.,Branched intraoperative elephant trunk design | Artificial vessel diameters 20–34 mm | Mainbody stent graft lengths 80–200 mm | Branch graft lengths 20–40 mm | Branch distal diameters 6–14 mm,Intraoperative aortic arch and descending aorta repair requiring branch vessel preservation,Patients undergoing surgical repair of the aortic arch requiring branched reconstruction,Artificial Vessel Diameter: 20–34 mm | Mainbody Stent Graft Length: 80–200 mm | Branch Graft Length: 20–40 mm | Branch Distal Diameter: 6–14 mm | Distal Mainbody Stent Diameter: 18–32 mm,,,cleared,,NMPA 20213131059.,fontus.jpg
reewarm-pta,Reewarm® PTA,MicroPort Endovastec,Aortic & Peripheral,Balloon catheters,PTA balloon dilatation catheter,Semi-compliant peripheral PTA balloon with high traffic capacity,Reewarm® PTA is a semi-compliant balloon dilatation catheter for peripheral vascular interventions. It offers a broad range of balloon diameters and lengths with multiple catheter working lengths.,Semi-compliant balloon | Balloon diameters 2.0–7.0 mm | Balloon lengths 20–220 mm | Catheter working lengths 90–150 mm,Percutaneous transluminal angioplasty of peripheral vascular stenoses,Patients with peripheral arterial or venous stenotic lesions,Balloon Diameter: 2.0–7.0 mm | Balloon Length: 20–220 mm | Catheter Working Length: 90–150 mm,,cleared,cleared,,NMPA 20173031290. CE G1 086917 0013 Rev.00.,reewarm-pta.jpg
reewarm-ptx,Reewarm® PTX,MicroPort Endovastec,Aortic & Peripheral,Balloon catheters,Drug-coated PTA balloon catheter,Drug-coated balloon for sustained patency in femoral-popliteal disease,Reewarm® PTX is a drug-coated balloon PTA catheter for femoral-popliteal artery stenosis and occlusion. The drug coating is designed to maintain vascular patency for a longer period compared to plain balloon angioplasty.,Drug-coated balloon for extended patency | Balloon diameters 3.0–7.0 mm | Balloon lengths 20–220 mm | Catheter working lengths 40–150 mm,Treatment of femoral-popliteal artery stenosis and occlusion,Patients with femoral-popliteal peripheral arterial disease,Balloon Diameter: 3.0–7.0 mm | Balloon Length: 20–220 mm | Catheter Working Length: 40–150 mm,,cleared,cleared,,"NMPA 20203130445. CE M.2020.106.14076, M.2020.106.14076-1.",reewarm-ptx.jpg
ryflumen,Ryflumen®,MicroPort Endovastec,Aortic & Peripheral,Balloon catheters,Peripheral high-pressure balloon dilatation catheter,High-pressure peripheral balloon with 24 ATM burst pressure and good deliverability,Ryflumen® is a peripheral high-pressure balloon dilatation catheter with a maximum burst pressure of 24 ATM. It is designed for challenging peripheral vascular lesions requiring higher dilatation pressures.,Maximum burst pressure 24 ATM | Balloon diameters 3.0–14.0 mm | Balloon lengths 20–220 mm | Catheter working lengths 40–150 mm,Percutaneous transluminal angioplasty of peripheral vascular stenoses requiring high dilatation pressure,Patients with peripheral vascular stenotic lesions,Balloon Diameter: 3.0–14.0 mm | Balloon Length: 20–220 mm | Catheter Working Length: 40–150 mm,,,cleared,,NMPA 20213030896.,ryflumen.jpg
demantoid,DEMANTOID™,MicroPort Endovastec,Aortic & Peripheral,Guidewires,Peripheral vascular stiff guidewire,PTFE-coated stiff guidewire with soft tip for peripheral vascular access,DEMANTOID™ is a peripheral vascular stiff guidewire featuring PTFE coating and a soft-tip design. It is intended to enhance passability and safety for peripheral vascular diagnosis and interventional procedures.,PTFE coating for reduced friction | Soft-tip design for vascular safety | Models PZ-35-LS and PZ-35-SS,Peripheral vascular diagnosis and interventional procedures,Patients undergoing peripheral vascular interventions,"Models: PZ-35-LS, PZ-35-SS",,,cleared,,NMPA 20153032236.,demantoid.jpg
reflow-spex,Reflow-speX,MicroPort Endovastec,Aortic & Peripheral,Diagnostic & delivery catheters,Supporting catheter,Multi-compatible support catheter with formable tip for complex vascular lesions,Reflow-speX is a supporting catheter with a formable head segment that can be shaped intraoperatively to conform to vascular anatomy. The braided metal-reinforced head end enhances support and thrust for passage through complex lesions.,"Formable tip for intraoperative shaping | Braided metal-reinforced head for support | Compatible with 0.014, 0.018, and 0.035 inch guidewires | Hydrophilic coating over 40 cm | Available in 14, 18, and 35 system sizes","Support and guidance during peripheral and hepatic vascular interventional procedures, including TIPS procedures",,"Wire Compatibility: 0.014 in / 0.018 in / 0.035 in | Max OD: 0.034 in (2.6F) / 0.038 in (2.9F) / 0.06 in (4.6F) | Effective Length: 90, 135, 150 cm (14/18); 50, 90, 135, 150 cm (35) | Max Pressure: 360 psi (14/18); 300 psi (35)",,,cleared,,NMPA 20243032576.,reflow-spex.jpg
veinpro-system,VeinPro® System,MicroPort Endovastec,Aortic & Peripheral,Occluders & closure devices,Endovenous radiofrequency closure generator,Radiofrequency generator for endovenous closure of varicose veins,The VeinPro® System is an endovenous radiofrequency closure generator used with the VeinPro® disposable RF catheter (model WM-CR-7760) for treatment of lower limb varicose veins (superficial veins only).,Used with VeinPro® disposable RF catheter | Model WM-RFG-T1 | Rated voltage 220V | Weight under 4.5 kg | Dimensions 28 x 32 x 16.5 cm,Treatment of varicose veins (superficial veins) in the lower limbs,Patients with lower limb varicose veins of superficial veins,Model: WM-RFG-T1 | Rated Voltage: 220V | Weight: <4.5 kg | Dimensions: 28 cm x 32 cm x 16.5 cm,,,cleared,,NMPA 20243010098.,veinpro-system.jpg
veinpro-catheter,VeinPro® Catheter,MicroPort Endovastec,Aortic & Peripheral,Occluders & closure devices,Disposable intravenous radiofrequency closure catheter,Single-use RF catheter for endovenous closure of lower limb varicose veins,The VeinPro® Catheter is a disposable intravenous radiofrequency closure catheter used in combination with the VeinPro® RF closure generator (WM-RFG-T1) for treatment of lower limb superficial varicose veins.,Single-use design | Heating unit length 7 cm | Effective length 60 cm | Heating unit diameter 2.1 mm | Maximum power 40W | Target temperature 120°C,Treatment of varicose veins (superficial veins) in the lower limbs,Patients with lower limb varicose veins of superficial veins,Model: WM-CR-7760 | Catheter Sheath: 7F | Heating Unit Length: 7 cm | Effective Length: 60 cm | Heating Unit Diameter: 2.1 mm | Max Power: 40W | Target Temp: 120°C,,,cleared,,NMPA 20243010393.,veinpro-catheter.jpg
tipspear,Tipspear,MicroPort Endovastec,Aortic & Peripheral,Sheaths & guiding catheters,Transjugular intrahepatic puncture device,Transjugular intrahepatic puncture device for TIPS procedures,Tipspear is a transjugular intrahepatic puncture device intended for transjugular intrahepatic portal vein puncture during intrahepatic portal vein shunting (TIPS) surgery to reduce portal vein pressure. NMPA approval is in progress.,10F guiding sheath compatible with catheters up to 10F | 16G puncture needle | Effective needle length 520 mm | Model LPS1016,Transjugular intrahepatic portal vein puncture for intrahepatic portal vein shunting (TIPS) to reduce portal vein pressure,Patients with portal hypertension requiring TIPS procedure,Model: LPS1016 | Guiding Sheath: 10F | Puncture Needle: 16G | Effective Length: 520 mm,,,in progress,,Estimated NMPA approval February 2025 (under development).,tipspear.jpg
vflower,Vflower®,MicroPort Endovastec,Aortic & Peripheral,Stents & scaffolds,Venous stent system,Integrated braided venous stent combining firmness and flexibility,"Vflower® is an integrated braided venous stent system that combines dense and sparse mesh zones for firmness and flexibility. It is available in configurations with and without an extension section, accommodating a range of iliofemoral venous anatomies.",Integrated braided design with dense and sparse mesh | Extension and non-extension configurations | Proximal-distal diameter combinations 6–20 mm | Delivery system outer diameter 8–10F | Delivery system effective length 800 mm (femoral) or 120 mm (mountain crossing or venous access),Endovascular treatment of iliofemoral venous obstructive lesions,Patients with iliofemoral venous stenosis or occlusion,"Length (extension): 60–150 mm | Near-far diameter pairs: 12-12 to 20-20 mm | Delivery System OD: 8–10F | Delivery Length: 800 mm (femoral), 120 mm (mountain crossing or venous access)",,,cleared,,NMPA 20243131528.,vflower.jpg
seadragon,SeaDragon™,MicroPort Endovastec,Aortic & Peripheral,Balloon catheters,Peripheral balloon dilatation catheter,Peripheral balloon catheter for iliofemoral and dialysis fistula interventions,"SeaDragon™ is a peripheral balloon dilatation catheter suitable for percutaneous endovascular treatment of the iliofemoral vein, inferior vena cava, and iliofemoral artery, as well as obstructive lesions in arteriovenous dialysis fistulas. Also used for post-dilatation of peripheral vascular stents and stent grafts.","Indicated for iliofemoral vein, IVC, and iliofemoral artery | Suitable for dialysis fistula lesions | Post-dilatation of peripheral stents and stent grafts",Percutaneous endovascular treatment of iliofemoral venous and arterial obstructive lesions and arteriovenous dialysis fistula stenoses; post-dilatation of peripheral vascular stents and stent grafts,Patients with iliofemoral vascular obstructions or arteriovenous dialysis fistula lesions,,,,cleared,,NMPA 2024332576.,seadragon.jpg
vepack,VEPACK®,MicroPort Endovastec,Aortic & Peripheral,Embolization & filters,Snare retrieval kit,Percutaneous snare kit for removal of inferior vena cava filters,VEPACK® is a snare retrieval kit designed for percutaneous removal of inferior vena cava filters via a capture device. Model SR-20.,Percutaneous IVC filter retrieval | Model SR-20,Percutaneous removal of inferior vena cava filters,Patients requiring retrieval of placed inferior vena cava filters,Model: SR-20,,,cleared,,NMPA 20243031249.,vepack.jpg
vewatch,Vewatch®,MicroPort Endovastec,Aortic & Peripheral,Embolization & filters,Vena cava filter,Inferior vena cava filter for prevention of pulmonary embolism from lower limb thrombus,Vewatch® is a vena cava filter deployed into the inferior vena cava to prevent pulmonary embolism caused by lower limb thrombus detachment. It can be placed via femoral or jugular vein approach.,Femoral and jugular approach options | Applicable vessel diameter 16–28 mm | Sheath inner diameter 8.0F | Sheath effective length 550 mm,Prevention of pulmonary embolism caused by lower limb deep vein thrombus detachment,Patients at risk of pulmonary embolism from lower limb deep vein thrombosis,Femoral Specification: FF-550 | Jugular Specification: FJ-550 | Sheath Effective Length: 550 mm | Sheath Inner Diameter: 8.0F | Applicable Vessel Diameter: 16–28 mm,,,cleared,,NMPA 20243130996.,vewatch.jpg
hawknest,HawkNest®,MicroPort Endovastec,Aortic & Peripheral,Embolization & filters,Fiber wool plug spring embolization coil,Fibered spring coil for peripheral vascular aneurysm and malformation embolization,"HawkNest® is a fiber wool plug spring coil for embolization of peripheral vascular aneurysms, arteriovenous malformations, and arteriovenous fistulas. Available in 18-system and 35-system configurations compatible with respective guidewire sizes.",18-system (0.018 in guidewire) and 35-system (0.035 in guidewire) configurations | Multiple coil geometry options | Wide range of diameter and length combinations,"Filling treatment of peripheral vascular aneurysms, arteriovenous malformations, and arteriovenous fistulas","Patients with peripheral vascular aneurysms, arteriovenous malformations, or fistulas requiring embolization",18-system: compatible with 0.018 in guidewire | 35-system: compatible with 0.035 in guidewire,,,cleared,,NMPA 20243131759.,hawknest.jpg
sunkite,SunKite™,MicroPort Endovastec,Aortic & Peripheral,Embolization & filters,Detachable fibered embolization coil,Detachable fibered coil for peripheral vascular embolization,SunKite™ is a detachable fibered embolization coil indicated for blocking or reducing blood flow in peripheral vasculature during embolization procedures. Under development; NMPA approval is in progress.,Detachable fibered coil design,Blocking or reducing blood flow in peripheral vasculature during embolization procedures,,,,,in progress,,Estimated NMPA approval December 2025 (under development).,
l-reboa,L-REBOA®,MicroPort Endovastec,Aortic & Peripheral,Balloon catheters,Aortic occlusion balloon catheter,Aortic occlusion balloon for emergency hemorrhage control in trauma,L-REBOA® is an aortic occlusion balloon catheter designed for temporary occlusion of aortic blood flow for emergency hemorrhage control during trauma care. Model HC32-79.,Designed for temporary aortic occlusion | Emergency hemorrhage control application | Model HC32-79,Temporary occlusion of blood flow in the aorta for emergency hemorrhage control during trauma,Trauma patients requiring emergency hemorrhage control,Model: HC32-79,,,cleared,,NMPA 20243031326.,l-reboa.jpg
nanotrack,NanoTrack™,MicroPort Endovastec,Aortic & Peripheral,Diagnostic & delivery catheters,Peripheral interventional microcatheter,"Peripheral microcatheter for injection of diagnostic, embolic, or therapeutic agents","NanoTrack™ is a peripheral interventional microcatheter suitable for injecting diagnostic, embolic, or therapeutic materials into peripheral blood vessels. Under development; NMPA approval is in progress.",Designed for peripheral vascular diagnostic and therapeutic agent delivery,"Injection of diagnostic, embolic, or therapeutic materials into peripheral blood vessels",,,,,in progress,,Estimated NMPA approval September 2025 (under development).,nanotrack.jpg
fishhawk,Fishhawk,MicroPort Endovastec,Aortic & Peripheral,Thrombectomy & atherectomy,Mechanical thrombectomy catheter,Mechanical thrombectomy catheter for removal of coronary thrombi,"Fishhawk is a mechanical thrombectomy catheter indicated for removal of fresh, soft emboli and thrombi in coronary vessels to restore blood flow. Under development; NMPA approval is in progress.","Designed for fresh, soft coronary thrombus removal","Removal of fresh, soft emboli and thrombi in coronary vessels to restore blood flow",,,,,in progress,,Estimated NMPA approval December 2025 (under development).,
altura,Altura™,MicroPort Endovastec,Aortic & Peripheral,Stent-grafts,Abdominal aortic stent-graft system,Ultra-low profile four-piece AAA stent-graft with bilateral D-stents for maximum sealing,Altura™ is an ultra-low profile four-piece abdominal aortic stent-graft system using unique bilateral D-stents that provide maximum sealing zone coverage. The 16F/18F delivery system supports a range of main body and iliac configurations.,"Ultra-low profile design | Bilateral D-stent technology for maximum sealing | Four-piece modular system | Delivery system 16F/18F | Main body diameters 24, 27, 31 mm",Endovascular repair of abdominal aortic aneurysms,Patients with abdominal aortic aneurysms suitable for endovascular repair,"Main Body Length: 81–126 mm | Iliac Length: 56–121 mm | Main Body Diameter: 24, 27, 31 mm | Leg Diameter: 10–20 mm | Delivery System: 16F/18F",,cleared,,,CE 1522769 MDR2017Q/P.,altura.jpg
meridian-altura,Meridian™-Altura™,MicroPort Endovastec,Aortic & Peripheral,Stent-grafts,Fenestrated abdominal aortic stent-graft system,Ultra-low profile repositionable fenestrated AAA stent-graft based on the Altura platform,"Meridian™-Altura™ is an ultra-low profile repositionable four-piece fenestrated abdominal aortic stent-graft system. It is a custom-made device based on the Altura™ platform, designed for patients with short or challenging proximal neck anatomy requiring fenestrations for renal or visceral vessel preservation.",Repositionable four-piece fenestrated system | Custom-made device based on Altura platform | Bilateral D-stent technology | 14F delivery system | Fenestration diameters 5.5 and 8 mm,Endovascular repair of abdominal aortic aneurysms requiring fenestrated graft for branch vessel preservation,Patients with complex aortic neck anatomy requiring fenestrated endovascular repair,"Main Body Length: 90 mm | Iliac Length: 65 mm | Main Body Diameter: 24, 27, 31 mm | Iliac Diameter: 13, 17, 21 mm | Fenestration Diameter: 5.5, 8 mm | Delivery System: 14F",,cleared,,,CE 170772295.,meridian-altura.jpg
lotus-ovum-aspiration-needle,LOTUS™ Ovum Aspiration Needle,MicroPort Horizon,Assisted Reproduction,Reproductive devices,Ovum aspiration needle,"Ultrasound-guided needle for secure, high-quality oocyte retrieval",The LOTUS™ Ovum Aspiration Needle is manufactured under strict quality control and production safety standards. It enables surgeons to securely retrieve high-quality oocytes from ovarian follicles under ultrasound guidance.,"Strict quality control and production safety standards | Ultrasound-guided oocyte retrieval | Available in 16G, 17G, and 18G gauges",Oocyte retrieval from ovarian follicles under ultrasound guidance in assisted reproduction,Patients undergoing ovarian stimulation and egg retrieval in ART procedures,Gauge: 16G | 17G | 18G,,,cleared,,NMPA 20192180392.,lotus-ovum-aspiration-needle.jpg
lotus-sgn-needle,LOTUS™ SGN Ovum Aspiration Needle,MicroPort Horizon,Assisted Reproduction,Reproductive devices,Ovum aspiration needle,SGN ovum aspiration needle for high-quality oocyte retrieval under ultrasound,The LOTUS™ SGN Ovum Aspiration Needle is manufactured under strict quality control and production safety standards. It enables surgeons to securely retrieve high-quality oocytes from ovarian follicles under ultrasound guidance.,Strict quality control and production safety standards | Ultrasound-guided oocyte retrieval | Wide gauge range: 16G through 21G,Oocyte retrieval from ovarian follicles under ultrasound guidance in assisted reproduction,Patients undergoing ovarian stimulation and egg retrieval in ART procedures,Gauge: 16G | 17G | 18G | 19G | 20G | 21G,cleared,,cleared,,510(k) K232163. NMPA 20212180658.,lotus-sgn-needle.jpg
lotus-double-lumen-needle,LOTUS™ Double Lumen Ovum Aspiration Needle,MicroPort Horizon,Assisted Reproduction,Reproductive devices,Double lumen ovum aspiration needle,Dual-channel needle that retrieves oocytes and flushes follicles simultaneously,The LOTUS™ Double Lumen Ovum Aspiration Needle features a double-lumen design with separate channels for oocyte aspiration and follicle flushing. This configuration improves egg retrieval efficiency and reduces overall procedure time.,Double-lumen design for simultaneous aspiration and follicle flushing | Improved egg retrieval efficiency | Reduced operation time,Oocyte retrieval with concurrent follicle flushing in assisted reproduction,Patients undergoing egg retrieval procedures in ART,Gauge: 17G,cleared,,cleared,,510(k) K232163. NMPA 20212180657.,lotus-double-lumen-needle.jpg
daylily-embryo-transfer-catheter,Daylily® Embryo Transfer Catheter,MicroPort Horizon,Assisted Reproduction,Reproductive devices,Embryo transfer catheter,Ergonomic catheter for precise IVF embryo placement in the uterine cavity,"The Daylily® Embryo Transfer Catheter is used to place in vitro fertilized embryos into the uterine cavity. Its ergonomic handle design ensures easy gripping and twisting, improving ease of use for clinicians and reducing irritation to the patient's uterus.","Ergonomic handle for easy gripping and twisting | Reduces uterine irritation | Four type options (I, II, III, IV)",Transfer of IVF embryos into the uterine cavity,Patients undergoing IVF embryo transfer,Types: I | II | III | IV,cleared,,cleared,,510(k) K220010. NMPA 20202180538.,daylily-embryo-transfer-catheter.jpg
orkid-intrauterine-catheter,Orkid® Single Use Sterile Intrauterine Catheter,MicroPort Horizon,Assisted Reproduction,Reproductive devices,Intrauterine insemination catheter,Single-use sterile catheter for gentle intrauterine introduction of washed spermatozoa,"The Orkid® Single Use Sterile Intrauterine Catheter is used to gently access the uterine cavity for introduction of washed spermatozoa. Its ergonomic handle design ensures easy gripping and twisting, improving clinical ease of use and reducing uterine irritation.","Ergonomic handle for easy gripping and twisting | Reduces uterine irritation | Single-use sterile design | Two type options (I, II)",Intrauterine introduction of washed spermatozoa in assisted reproduction,Patients undergoing intrauterine insemination,Types: I | II,,,cleared,,NMPA 20212180208.,orkid-intrauterine-catheter.jpg
cryox-glassy-cryogenic-carrier,CryoX® Glassy Cryogenic Carrier,MicroPort Horizon,Assisted Reproduction,Reproductive lab & systems,Cryogenic carrier,High-stability carrier for embryo and oocyte cryopreservation in ART,The CryoX® Glassy Cryogenic Carrier is used to carry embryos or eggs for cryopreservation in assisted reproductive technology. It is manufactured for high stability and excellent biocompatibility.,"High stability construction | Excellent biocompatibility | Two type options (I, II)",Cryopreservation of embryos or oocytes in assisted reproductive technology,Patients undergoing embryo or oocyte cryopreservation in ART,Types: I | II,,,cleared,,NMPA 20222180114.,cryox-glassy-cryogenic-carrier.jpg
cryox-vitrification-thaw-kit,CryoX™ Vitrification Thaw Kit,MicroPort Horizon,Assisted Reproduction,Reproductive lab & systems,Vitrification thaw kit,Standardized kit for thawing vitrified oocytes and embryos through blastocyst stage,"The CryoX® Vitrification Thaw Kit is intended for use in thawing vitrified oocytes (MII), pronuclear zygotes through day 3 cleavage stage embryos, and blastocyst stage embryos. It covers the full range of vitrified reproductive specimens.","Supports oocytes (MII), PN zygotes, cleavage stage, and blastocysts | Multiple model options",Thawing of vitrified oocytes and embryos in assisted reproductive technology,Patients whose oocytes or embryos are stored via vitrification,Models: CX1451 | CX1452 | CX1452M,,,cleared,,NMPA 200243182053; NMPA 200243181008.,cryox-vitrification-thaw-kit.jpg
trillium-culture-oil,Trillium™ Culture Oil,MicroPort Horizon,Assisted Reproduction,Reproductive lab & systems,Embryo culture oil,Light paraffin oil that stabilizes culture medium osmotic pressure during embryo handling,Trillium™ Culture Oil is composed of light liquid paraffin oil. It is used to avoid or mitigate changes in the microenvironment such as osmotic pressure of the culture medium during embryo culture and handling.,Stabilizes osmotic pressure of culture medium | Mitigates microenvironment changes during embryo culture,Maintenance of culture medium microenvironment during embryo culture and handling,Patients undergoing in vitro embryo culture in ART,Type: Oil050,,,cleared,,NMPA 20243181601.,trillium-culture-oil.jpg
trillium-gamete-buffer-medium,Trillium™ Gamete Buffer Medium,MicroPort Horizon,Assisted Reproduction,Reproductive lab & systems,Gamete buffer medium,"Buffer medium for sperm, egg, and embryo washing and handling outside CO2 incubators","Trillium™ Gamete Buffer Medium is intended for the washing, maintenance, handling, and micromanipulation of sperm, eggs, and embryos in atmospheric environments outside CO2 incubators.","Supports sperm, oocyte, and embryo handling | Designed for atmospheric (non-CO2) environments | For washing, maintenance, handling, and micromanipulation","Washing, maintenance, handling, and micromanipulation of gametes and embryos outside CO2 incubators",Patients undergoing ART procedures requiring gamete or embryo handling,Type: GBM100,,,in progress,,Estimated NMPA approval February 2025; under development.,
facial-recognition-system,Face Recognition System,MicroPort Horizon,Assisted Reproduction,Reproductive lab & systems,Patient identity management system,Contactless facial recognition system for patient identity verification in reproductive centers,"The Facial Recognition System is an intelligent information registration management system that integrates information collection and verification. Advanced facial recognition technology combined with mature information distribution mechanisms enables contactless filing and verification of patients, ensuring integration of person and certificate and supporting informatization in reproductive medicine, sperm bank, and obstetrics departments.","Contactless patient filing and identity verification | Integrates information collection and distribution | Ensures person-certificate integration | Supports reproductive medicine, sperm bank, and obstetrics departments",Patient identity registration and verification in reproductive medicine and adjacent departments,"Patients registered at reproductive medicine, obstetrics and gynecology, and sperm bank departments",,,,,,,facial-recognition-system.jpg
sivf,SIVF,MicroPort Horizon,Assisted Reproduction,Reproductive lab & systems,Clinical document repository,Intelligent clinical document repository enabling paperless management of patient treatment histories,SIVF is an intelligent specialized clinical document repository. The platform enables clinical doctors to manage patient treatment history data organized by timeline and assists departments in achieving comprehensive paperless management.,Timeline-based patient treatment history management | Comprehensive paperless department management | Designed for reproductive medicine and obstetrics and gynecology,Clinical documentation and treatment history management in reproductive medicine and obstetrics and gynecology,,,,,,,,sivf.jpg
intelligent-liquid-nitrogen-tank-cover,Intelligent Liquid Nitrogen Tank Cover,MicroPort Horizon,Assisted Reproduction,Reproductive lab & systems,Cryogenic storage monitoring device,Continuous-monitoring tank cover with graded alarms to protect biological sample storage,The Intelligent Liquid Nitrogen Tank Cover provides continuous detection and long-term endurance monitoring for liquid nitrogen tanks used in biological sample storage. A graded alarm system alerts users to conditions that could compromise sample safety.,Continuous liquid nitrogen level detection | Long-term endurance monitoring | Graded alarm system | Protects biological sample integrity,Monitoring and protection of biological samples stored in liquid nitrogen tanks,,,,,,,,intelligent-liquid-nitrogen-tank-cover.jpg
firebird2,Firebird2®,MicroPort Coronary,Coronary,Stents & scaffolds,Drug-eluting stent,"China's first cobalt-chromium DES, most widely used in the country","Firebird2® is a rapamycin-eluting coronary cobalt-chromium stent system. The first CoCr alloy stent developed in China, it has accumulated extensive clinical practice confirming safety and effectiveness in treating coronary artery stenosis.","First CoCr DES developed in China | Rapamycin-eluting platform | Broad size range (2.5–4.0mm diameter, 13–33mm length)",Treatment of coronary artery stenosis via PCI,Patients with coronary artery disease requiring PCI,Length: 13|18|23|29|33 mm | Diameter: 2.5|2.75|3.0|3.5|4.0 mm,,,cleared,,NMPA 20163132305.,firebird2.jpg
firekingfisher,FirekingFisher®,MicroPort Coronary,Coronary,Stents & scaffolds,Drug-eluting stent,Advanced Firebird2 platform with enhanced deliverability for complex lesions,"FirekingFisher® is the Firebird2® Advanced Model featuring an improved delivery platform. It incorporates a dual-layer high-damping balloon to prevent dislodgement and rupture, and a distal outer shaft with gradient stiffness design for enhanced pushability. The fluorinated distal inner shaft enables smoother guidewire navigation for complex coronary lesions.",Dual-layer high-damping balloon | Gradient stiffness distal outer shaft | Fluorinated distal inner shaft for smoother guidewire navigation | Suitable for complex coronary artery stenosis,Treatment of complex coronary artery stenosis via PCI,Patients with complex coronary artery disease,Length: 13|16|18|21|23|26|29|31|33 mm | Diameter: 2.5|2.75|3.0|3.5|4.0 mm,,,cleared,,NMPA 20203130662.,firekingfisher.jpg
firebird-pro-plus,Firebird Pro+™,MicroPort Coronary,Coronary,Stents & scaffolds,Drug-eluting stent,Optimized FirekingFisher platform with segmented gradient shaft for complex cases,"Firebird Pro+™ is the FirekingFisher® Advanced Model featuring an optimized delivery platform. It includes a segmented gradient outer shaft design and improved connector components that enhance pressure resistance, designed to handle more complex coronary artery stenosis.",Segmented gradient outer shaft design | Improved pressure-resistant connector components | Optimized delivery platform for complex lesions,Treatment of complex coronary artery stenosis via PCI,Patients with complex coronary artery disease,Length: 13|18|23|29|33 mm | Diameter: 2.5|2.75|3.0|3.5|4.0 mm,,,cleared,,NMPA 20223131010.,firebird-pro-plus.jpg
firecondor,FireCondor®,MicroPort Coronary,Coronary,Stents & scaffolds,Drug-eluting stent,Firehawk advanced model with gradient stiffness shaft and ultra-soft triple-layer tip,"FireCondor® is the Firehawk® Advanced Model featuring an enhanced delivery platform. It incorporates a dual-layer high-damping balloon resistant to dislodgement and rupture, a distal outer shaft with gradient stiffness for improved pushability, and a fluorinated distal inner shaft for smoother guidewire navigation in complex coronary stenosis.",Dual-layer high-damping balloon | Gradient stiffness distal outer shaft | Fluorinated distal inner shaft | Addresses complex coronary artery stenosis,Treatment of complex coronary artery stenosis via PCI,Patients with complex coronary artery disease requiring PCI,Length: 8|13|16|18|21|23|26|29|31|33|35|38 mm | Diameter: 2.25|2.5|2.75|3.0|3.5|4.0 mm,,cleared,cleared,,NMPA 20193130304. CE 2141980DE04.,firecondor.jpg
firehawk-pro,Firehawk Pro®,MicroPort Coronary,Coronary,Stents & scaffolds,Drug-eluting stent,Latest-generation FireCondor with segmented gradient shaft and triple-layer ultra-soft tip,"Firehawk Pro® is the latest generation of FireCondor®, further optimizing the delivery system. The distal outer shaft features a segmented, gradient stiffness design, and the tip has a triple-layer ultra-soft construction to reduce fish-mouth deformation, enabling smooth passage through complex coronary stenosis lesions.",Segmented gradient stiffness distal outer shaft | Triple-layer ultra-soft tip design | Reduces fish-mouth deformation | Designed for complex coronary stenosis lesions,Treatment of complex coronary artery stenosis via PCI,Patients with complex coronary artery disease,Length: 13|18|23|29|33|38 mm | Diameter: 2.25|2.5|2.75|3.0|3.5|4.0 mm,,,cleared,,NMPA 20223130739.,firehawk-pro.jpg
pioneer,Pioneer®,MicroPort Coronary,Coronary,Balloon catheters,PTCA balloon dilatation catheter (semi-compliant),Thin-wall semi-compliant balloon for pre-dilation and balloon kissing in 6F catheters,"Pioneer® is a semi-compliant PTCA balloon dilatation catheter indicated for dilation of soft plaques including lipid-rich plaques, or pre-dilatation before stent implantation. Its thin wall enables faster deflation, and the low crossing profile enhances pushability for smoother lesion passage. Designed for balloon kissing techniques within a 6 French guiding catheter, minimizing pullback issues from incomplete deflation.",Thin-wall construction for faster deflation | Low crossing profile for improved pushability | Supports balloon kissing in 6F guiding catheter | Minimizes pullback issues related to incomplete deflation,Dilation of soft/lipid-rich plaques; pre-dilatation before stent implantation; balloon kissing technique,Patients undergoing PCI for coronary artery disease,Length: 6|10|15|20 mm | Diameter: 1.5|2.0|2.5|3.0|3.5|4.0 mm,,cleared,cleared,,NMPA 20153030384. CE 2141980DE02.,pioneer.jpg
firefighter,Firefighter®,MicroPort Coronary,Coronary,Balloon catheters,PTCA balloon dilatation catheter (semi-compliant),Composite-material semi-compliant balloon enabling kissing in 5F catheters,"Firefighter® is a semi-compliant PTCA balloon dilatation catheter indicated for dilating soft plaques such as lipid-rich plaques, or for pre-dilatation prior to stent implantation. The composite balloon material enhances durability, combining a 0.0005"" wall thickness with a 0.0167"" tip entry profile to minimize crossing profile. It enables balloon kissing within a 5 French guiding catheter and reduces rupture risk in complex lesions.","Composite balloon material for enhanced durability | 0.0005"" wall thickness and 0.0167"" tip entry profile | Enables balloon kissing in 5F guiding catheter | Excellent crossability | Reduced rupture risk in complex lesions",Dilation of soft/lipid-rich plaques; pre-dilatation before stent implantation,Patients undergoing PCI for coronary artery disease,Length: 6|10|15|20 mm | Diameter: 1.00|1.25|2.00|2.25|2.50|2.75|3.00|3.25|3.50|3.75|4.00 mm,,cleared,cleared,,NMPA 20173031288. CE 2141980DE02.,firefighter.jpg
firefighter-pro-mini,Firefighter™ Pro mini,MicroPort Coronary,Coronary,Balloon catheters,Coronary balloon dilatation catheter,Ultra-low-profile balloon designed for CTO and extremely narrow tortuous lesions,"Firefighter™ Pro mini is specifically designed for pre-dilation of extremely narrow, tortuous lesions and Chronic Total Occlusion (CTO) lesions. Its compact 0.75mm size, finely tapered tip, smooth fluoropolymer-coated guidewire lumen, and durable composite balloon material, combined with a 0.55mm crossing profile, enhance deliverability and trackability through complex lesions.",Compact 0.75mm size and 0.55mm crossing profile | Finely tapered tip for complex lesion navigation | Fluoropolymer-coated guidewire lumen | Durable composite balloon material | Designed for CTO and tortuous lesions,"Pre-dilation of extremely narrow, tortuous lesions and CTO lesions",Patients with CTO or complex tortuous coronary lesions undergoing PCI,Length: 6|10|15|20 mm | Diameter: 0.75|1.25|1.5 mm,,,cleared,,NMPA 20243030968.,firefighter-pro-mini.jpg
foxtrot-nc,FOXTROT® NC,MicroPort Coronary,Coronary,Balloon catheters,PTCA balloon dilatation catheter (non-compliant),High-pressure non-compliant balloon for calcified plaques and post-stent dilatation,FOXTROT® NC is a non-compliant PTCA balloon dilatation catheter designed for expansion of calcified or hard plaques and post-dilatation following stent implantation. It features a soft tapered tip for smoother lesion passage and tolerates pressure up to 20 atm for effective navigation of challenging lesions.,Pressure tolerance up to 20 atm | Soft tapered tip for smooth lesion passage | Designed for calcified and hard plaques | Effective post-stent dilatation,Expansion of calcified or hard plaques; post-dilatation following stent implantation,Patients with calcified or complex coronary lesions undergoing PCI,Length: 10|15 mm | Diameter: 2.5|2.75|3.0|3.25|3.5|4.0 mm,,cleared,cleared,,NMPA 20153031324. CE 2141980DE02.,foxtrot-nc.jpg
firefighter-nc,Firefighter™ NC,MicroPort Coronary,Coronary,Balloon catheters,Non-compliant balloon dilatation catheter,Dual-layer non-compliant balloon supporting kissing in 6F catheters,"Firefighter™ NC is a non-compliant balloon dilatation catheter designed for expansion of calcified or hard plaques and post-stent dilatation. Its dual-layer construction uses high-pressure-resistant materials with a compact crossing profile of 0.0165"", supporting balloon kissing within a 6F guiding catheter for complex lesion treatment.","Dual-layer high-pressure-resistant construction | Compact crossing profile of 0.0165"" | Supports balloon kissing in 6F guiding catheter | Wide diameter and length range",Expansion of calcified or hard plaques; post-stent dilatation,Patients with calcified or complex coronary lesions undergoing PCI,Length: 6|10|15|20|25|30 mm | Diameter: 2.0|2.25|2.5|2.75|3.0|3.25|3.5|3.75|4.0|4.5|5.0|5.5 mm,,,cleared,,NMPA 20233031619.,firefighter-nc.jpg
firefalcon,FireFalcon®,MicroPort Coronary,Coronary,Balloon catheters,Coronary scoring balloon catheter,Scoring balloon catheter for lesion pre-treatment prior to stent implantation,"FireFalcon® is a coronary artery cusp balloon dilation catheter applicable to patients with coronary heart disease undergoing PCI. It is used to pre-treat coronary artery stenosis lesions during the PCI process, facilitating subsequent stent implantation or balloon use.",Designed for lesion pre-treatment in PCI | Facilitates subsequent stent implantation,Pre-treatment of coronary artery stenosis lesions to facilitate stent implantation or balloon use during PCI,Patients with coronary heart disease undergoing PCI,,,,cleared,,NMPA 20243032275.,firefalcon.jpg
fireanchor,FireAnchor®,MicroPort Coronary,Coronary,Balloon catheters,Anchor balloon dilation catheter,Anchor balloon for stable guidewire placement during OTW instrument exchange in PCI,FireAnchor® is an anchor balloon dilation catheter used in PCI procedures to expand and stabilize the guidewire within the guiding catheter. This enables smooth and efficient exchange of over-the-wire (OTW) instruments.,Stabilizes guidewire in guiding catheter | Enables efficient OTW instrument exchange,Expanding and stabilizing the guidewire within the guiding catheter to facilitate OTW instrument exchange during PCI,Patients undergoing PCI requiring OTW instrument exchange,Model: AB2510,,,cleared,,NMPA 20233030846.,fireanchor.jpg
firedragon-avant,FireDragon™ Avant,MicroPort Coronary,Coronary,Guidewires,Angiography guide wire (0.035),"0.035"" guide wire with flat distal core for precise PTCA and PTA navigation","FireDragon™ Avant is a 0.035"" angiography guide wire featuring a flat distal core design to prevent guidewire whipping during torquing, and a variable core diameter for an optimal balance between flexibility and support. It is designed to assist in guiding diagnostic and interventional tools during PTCA and PTA procedures.",Flat distal core prevents whipping during torquing | Variable core diameter balances flexibility and support | Suitable for PTCA and PTA guidance,Guiding diagnostic and interventional tools during PTCA and PTA procedures,Patients undergoing PTCA or PTA,Model: PJ-35-SH,,,cleared,,"NMPA 20163030279, 20232032105.",firedragon-avant.jpg
firedragon-freedom,FireDragon™ Freedom,MicroPort Coronary,Coronary,Guidewires,Hydrophilic coated guide wire (0.035),"Hydrophilic-coated 0.035"" guide wire for coronary intravascular diagnosis and intervention","FireDragon™ Freedom is a hydrophilic-coated 0.035"" guide wire designed for guiding catheter insertion during coronary intravascular diagnosis or interventional therapy procedures.","Hydrophilic coating for enhanced lubricity | 0.035"" guide wire for coronary and interventional use",Guiding catheter insertion during coronary intravascular diagnosis or interventional therapy,Patients undergoing coronary intravascular diagnosis or intervention,Model: PA-35-150 | PA-35-180 | PA-35-260,,,cleared,,NMPA 20242031799.,firedragon-freedom.jpg
firefeeler-focus,FireFeeler® Focus,MicroPort Coronary,Coronary,Guidewires,Guide wire (0.014),"0.014"" coronary guide wire with flat distal core for precision in complex lesions","FireFeeler® Focus is a 0.014"" guide wire featuring a flat distal core design to prevent guidewire whipping during torquing, and a variable core diameter for an optimal balance between flexibility and support. It is designed to assist in guiding diagnostic and interventional tools during PTCA and PTA procedures.","Flat distal core prevents whipping during torquing | Variable core diameter balances flexibility and support | 0.014"" diameter for coronary use",Guiding diagnostic and interventional tools during PTCA and PTA procedures,Patients undergoing PTCA or PTA,Model: LMGW180S | LMGW300S,,,cleared,,NMPA 20223031784.,firefeeler-focus.jpg
fireflow-angiography-catheter,FireFlow®,MicroPort Coronary,Coronary,Diagnostic & delivery catheters,Angiography catheter,Double braided stainless steel catheter for precise contrast delivery in coronary procedures,"FireFlow® Angiography Catheter features a double-wire braided stainless steel mesh tube with polyamide inner and outer layers and an ultra-soft tip. It provides exceptional maneuverability and support, enabling precise delivery of radiopaque contrast media to targeted locations within the vascular system.","Double-wire braided stainless steel mesh tube | Polyamide inner and outer layers | Ultra-soft tip for enhanced maneuverability | Compatible with JL, JR, and LRS shapes for left and right coronary arteries",Delivery of radiopaque contrast media to targeted vascular locations during diagnostic and interventional procedures,Patients undergoing coronary angiography or PCI,Size: 5F | 6F | Shape: JL3.5/4.0 | JR3.5/4.0 | LRS3.5,,,cleared,,NMPA 20153030117.,fireflow-angiography-catheter.jpg
fireflow-microduplex,FireFlow® MicroDuplex™,MicroPort Coronary,Coronary,Diagnostic & delivery catheters,Dual lumen microcatheter,Dual lumen microcatheter to assist guide wire navigation to target position,FireFlow® MicroDuplex™ is a dual lumen microcatheter used in PCI to assist the guide wire in reaching the target position when passage is difficult.,Dual lumen design | Assists guide wire delivery in difficult PCI cases,Assisting guide wire placement to target position during PCI when conventional passage is difficult,Patients undergoing complex PCI requiring guide wire assistance,Model: DLC1400 | DLC1450,,,cleared,,NMPA 20243030028.,fireflow-microduplex.jpg
fireflow-microcross,FireFlow® MicroCross™,MicroPort Coronary,Coronary,Diagnostic & delivery catheters,Microcatheter,"Microcatheter for guide wire placement, exchange, and coil delivery in coronary vessels","FireFlow® MicroCross™ Microcatheter assists in the placement and exchange of guide wires in coronary or peripheral vessels, as well as in the delivery of coil springs.",Assists guide wire placement and exchange | Supports coil spring delivery | Compatible with coronary and peripheral vessels,Placement/exchange of guide wires in coronary or peripheral vessels; delivery of coil springs,Patients undergoing coronary or peripheral vascular intervention,Model: MC130 | MC150 | MC160 | MC170,,,cleared,,NMPA 20233030820.,fireflow-microcross.jpg
fireguard,FireGuard®,MicroPort Coronary,Coronary,Sheaths & guiding catheters,Guiding catheter,Tungsten-tipped guiding catheter with large inner diameter for superior coronary support,"FireGuard® Guiding Catheter features a tungsten-containing polymer soft tip, large inner diameter, and unique shaft design that ensure enhanced tip visibility, superior support, torque control, and device compatibility. It facilitates precise introduction of therapeutic devices into the coronary or peripheral vascular system.",Tungsten-containing polymer soft tip for enhanced visibility | Large inner diameter for device compatibility | Superior torque control and support | Unique shaft design for procedural efficiency,Introduction of therapeutic devices into the coronary or peripheral vascular system,Patients undergoing PCI or peripheral vascular intervention,Size: 6F | 7F | Shape: JL3.5/4.0 | AL.75/1.0 | SAL.75/1.0 | EBU3.0/3.5/3.75 | JR3.5/4.0 | 3DRC,,,cleared,,NMPA 20233031699.,fireguard.jpg
firesweeper,FireSweeper®,MicroPort Coronary,Coronary,Thrombectomy & atherectomy,Thrombus aspiration catheter,Thrombus aspiration catheter for removing soft emboli and improving coronary blood flow,FireSweeper® Thrombus Aspiration Catheter is designed for removing new soft emboli and thrombus from coronary blood vessels to improve blood flow. Currently under development with estimated certification in December 2025.,Designed for new soft embolus and thrombus removal | Improves coronary blood flow,Removing new soft embolus and thrombus in coronary vessels to improve blood flow,Patients with coronary thrombosis or soft emboli,Model: AC-6Fr,,,in progress,,NMPA estimated December 2025 (under development).,firesweeper.jpg
fireguard-ext,FireGuard® EXT,MicroPort Coronary,Coronary,Sheaths & guiding catheters,Guide extension catheter,Extension catheter for deep coronary and peripheral access during complex PCI,FireGuard® EXT Guide Extension Catheter is used in conjunction with a guide catheter to access discontinuous areas of the coronary artery and/or peripheral vasculature and to assist placement of interventional instruments. Currently under development with estimated certification in December 2025.,Used with guide catheter for deep vessel access | Assists placement of interventional instruments | Multiple size options,Accessing discontinuous areas of coronary artery or peripheral vasculature; assisting interventional instrument placement,Patients requiring complex coronary or peripheral vascular intervention,Model: 6F-25 | 7F-25 | 8F-25 | 6F-35 | 7F-35 | 8F-35,,,in progress,,NMPA estimated December 2025 (under development).,fireguard-ext.jpg
manifolds,Manifolds,MicroPort Coronary,Coronary,PCI accessories,PCI manifold system,Multi-channel manifold for accurate contrast and medication delivery during PCI,"Manifolds is an advanced multi-channel infusion system with smooth, leak-free performance, enabling effortless connection of tubing and facilitating multiple channels for accurate medication and contrast agent delivery during PCI procedures.",Smooth leak-free multi-channel infusion | Effortless tubing connection | Multiple channels for accurate delivery,Accurate medication and contrast agent delivery during PCI procedures,Patients undergoing PCI,Model: DP-T-3 | DP-G-30 | DP-G-60 | DP-G-90 | DP-G-120 | LM-A-30 | LM-A-60 | LM-A-90 | LM-A-120,,,cleared,,"NMPA 20153032216, 20173140861.",manifolds.jpg
firering,FireRing,MicroPort Coronary,Coronary,PCI accessories,Coronary control syringe,Anti-pullout control syringe with low internal lumen resistance for precise contrast injection,"FireRing Coronary Control Syringe is engineered for precision and efficiency, featuring an anti-pullout design and reduced internal lumen resistance. It connects with contrast catheters to ensure smooth and controlled injection of contrast agents during PCI procedures.",Anti-pullout design | Reduced internal lumen resistance | Smooth and controlled contrast injection,Smooth injection of contrast agents during PCI procedures,Patients undergoing PCI,Model: DP-N-12 | LM-D-12,,,cleared,,"NMPA 20153030979, 20243030191.",firering.jpg
firetube,FireTube,MicroPort Coronary,Coronary,PCI accessories,Pressure monitoring tubing,High-strength pressure-resistant tubing with standard Luer connector for PCI procedures,"FireTube Pressure Monitoring Tubing delivers precise control with high-strength, pressure-resistant tubing and a standard Luer connector. It ensures reliable connection to surgical instruments, enabling smooth injection of contrast agents or saline during PCI procedures.",High-strength pressure-resistant construction | Standard Luer connector | Reliable instrument connection | Multiple length options,Connection to surgical instruments for smooth injection of contrast agents or saline during PCI,Patients undergoing PCI,Length: 30|60|90|120 cm,,,cleared,,"NMPA 20153032216, 20173030850, 20232031214.",firetube.jpg
fireforce,FireForce™,MicroPort Coronary,Coronary,PCI accessories,Inflation device,30ml dual-layer inflation device with tin-plated core for accurate PCI pressure readings,"FireForce™ Inflation Device features a 30ml capacity and dual-layer leak-proof seal, offering exceptional stability and precision. Its tin-plated core guarantees accurate pressure readings, making it an ideal choice for PCI procedures.",30ml capacity | Dual-layer leak-proof seal | Tin-plated core for accurate pressure readings | Exceptional stability and precision,Inflation of balloon catheters during PCI procedures,Patients undergoing PCI,Model: Fireforce | DP-P-30I,,,cleared,,"NMPA 20162030104, 20192030660, 20202030200.",fireforce.jpg
firelink-y,FireLink-Y,MicroPort Coronary,Coronary,Heart valves,Y-connector (hemostasis valve),High-performance 8F hemostasis valve minimizing blood leakage during PCI,"FireLink-Y is a high-performance hemostasis valve with an 8F lumen, designed to minimize blood leakage and facilitate the introduction of guidewires and other instruments during PCI procedures.",8F lumen hemostasis valve | Minimizes blood leakage | Facilitates guidewire and instrument introduction | Available in press and spin configurations,Minimizing blood leakage and facilitating guidewire/instrument introduction during PCI,Patients undergoing PCI,Model: DP-Y-3 (Press) | DP-Y-3N (Spin) | LM-Y-3N,,,cleared,,"NMPA 20163031543, 20232031965.",firelink-y.jpg
fireseal,FireSeal,MicroPort Coronary,Coronary,PCI accessories,Radial artery compression device,Double balloon compression device for radial artery hemostasis after PCI,"FireSeal Radial Artery Compression Device uses a double balloon and curved support plate design to precisely compress the radial artery, effectively controlling bleeding and minimizing discomfort. It is employed to provide temporary compression and stop bleeding at the puncture site following PCI.",Double balloon design for precise radial artery compression | Curved support plate | Effective bleeding control | Minimizes patient discomfort,Temporary compression and hemostasis at radial artery puncture site following PCI,Patients who have undergone PCI via radial access,Model: LM-B-260,,,cleared,,NMPA 20232141565.,fireseal.jpg
firepathway,FirePathway,MicroPort Coronary,Coronary,Sheaths & guiding catheters,Catheter sheath set,Ultra-long tapered sheath set for reliable percutaneous vascular access in PCI,"FirePathway Catheter Sheath Set features a unique hemostasis valve and an ultra-long smooth tapered design. It establishes a reliable percutaneous access route, facilitating safe introduction of intravascular instruments while minimizing complications.",Unique hemostasis valve | Ultra-long smooth tapered design | Reliable percutaneous access route | Minimizes procedural complications,Establishing percutaneous access route for safe introduction of intravascular instruments,Patients undergoing PCI or intravascular intervention,Size: 6 Fr | Length: 50|70|100|160|250 mm,,,cleared,,NMPA 20242031692.,firepathway.jpg
firepecker,FirePecker™,MicroPort Coronary,Coronary,Thrombectomy & atherectomy,Intravascular pressure wire system,Pressure wire system for penetrating CTO and occluded coronary lesions,FirePecker™ is an intravascular pressure wire system suitable for CTO-PCI or occluded lesions without forward blood flow. It penetrates the lesion to allow conventional guide wires and interventional treatment devices to successfully pass through the occluded segment. Currently under development with estimated certification in December 2025.,Designed for CTO-PCI and occluded coronary lesions | Enables conventional guide wire passage through occluded segments | Supports placement of interventional treatment devices,Penetrating CTO or occluded lesions without forward blood flow to enable guide wire and device passage through occluded segments,Adult patients with CTO or occluded coronary lesions requiring PCI,,,,in progress,,NMPA estimated December 2025 (under development).,firepecker.jpg
argusclarity-insight-100,ArgusClarity® OCT System (Insight-100),MicroPort Coronary,Coronary,Intravascular imaging,Optical coherence tomography system,High-resolution intravascular OCT system for coronary vessel imaging and PCI guidance,"ArgusClarity® OCT System (Insight-100) is an optical coherence tomography system used in conjunction with an imaging catheter to provide high-resolution intravascular imaging of coronary vessels. It offers detailed analysis of vascular structure and plaque characteristics, supporting precise PCI procedures and stent deployment evaluation.",High-resolution intravascular coronary imaging | Detailed vascular structure and plaque analysis | Supports PCI guidance and stent deployment evaluation,High-resolution intravascular imaging of coronary vessels for PCI guidance and diagnostic evaluation,Patients with coronary artery disease undergoing PCI or diagnostic evaluation,Model: Insight-100,,cleared,cleared,,NMPA 20202061259. CE 714409.,argusclarity-insight-100.jpg
argusclarity-insight-100h,ArgusClarity® OCT System (Insight-100h),MicroPort Coronary,Coronary,Intravascular imaging,Optical coherence tomography system,Insight-100 upgrade with catheter identification for standardized clinical OCT use,"ArgusClarity® OCT System (Insight-100h) includes a new catheter identification feature that improves compatibility with OCT systems. This enhancement ensures more standardized and streamlined clinical use, optimizing intravascular imaging for more accurate diagnostics.",New catheter identification feature | Improved OCT system compatibility | More standardized and streamlined clinical use,Intravascular imaging of coronary vessels with enhanced system compatibility,Patients with coronary artery disease undergoing PCI or diagnostic evaluation,Model: Insight-100h,,,cleared,,NMPA 20202061259.,argusclarity-insight-100h.jpg
argusscout-insight-100-1350i,ArgusScout™ Imaging Catheter (Insight-100-1350i),MicroPort Coronary,Coronary,Intravascular imaging,OCT imaging catheter,Improved imaging catheter with identification function for enhanced OCT compatibility,"ArgusScout™ Imaging Catheter (Insight-100-1350i) is an improved version of the Insight-100-1350 with added identification functionality, enhancing compatibility with OCT systems. It provides precise imaging of coronary arteries for accurate diagnostic evaluation.",Added catheter identification functionality | Enhanced OCT system compatibility | Precise coronary artery imaging,Coronary artery imaging for accurate diagnostic evaluation in conjunction with OCT systems,Patients with coronary artery disease requiring intravascular imaging,Model: Insight-100-1350i,,,cleared,,NMPA 20243060392.,argusscout-insight-100-1350i.jpg
argusscout-insight-100-1350,ArgusScout™ Imaging Catheter (Insight-100-1350),MicroPort Coronary,Coronary,Intravascular imaging,OCT imaging catheter,Pullback-lens OCT catheter for detailed coronary vessel and plaque imaging,ArgusScout™ Imaging Catheter (Insight-100-1350) is designed for use with OCT systems for coronary vessel imaging. The pullback lens allows for detailed vascular image capture transmitted to the OCT system for in-depth analysis of coronary structure and plaque morphology.,Pullback lens for detailed vascular image capture | Transmits to OCT system for in-depth analysis | Coronary structure and plaque morphology evaluation,Coronary vessel imaging for analysis of coronary structure and plaque morphology in conjunction with OCT systems,Patients with coronary artery disease requiring intravascular imaging,Model: Insight-100-1350,,cleared,cleared,,NMPA 20213060169. CE MDR 753237.,argusscout-insight-100-1350.jpg
rhythmwatch-ecg-sensor,RhythmWatch® Disposable ECG Sensor,MicroPort Coronary,Cardiac Rhythm Management,Cardiac monitoring,Disposable ECG sensor,Soft hypoallergenic disposable ECG sensor with strong adhesion for ambulatory monitoring,"RhythmWatch® Disposable ECG Sensor is soft and comfortable with high-quality medical adhesive that is hypoallergenic, provides strong adhesion, and is non-irritating, designed for ambulatory electrocardiography monitoring.",High-quality medical adhesive | Hypoallergenic and non-irritating | Soft and comfortable design | Strong adhesion,Ambulatory electrocardiography monitoring,Patients requiring ambulatory ECG monitoring across cardiology and multiple other departments,Model: PS1C-P01LF | PS1C-P01GF | PS1C-P01LT | PS1C-P01GT | PS1C-P01DF | PS1C-P01DT,,,cleared,,"NMPA 20232070106, 20232070105.",rhythmwatch-ecg-sensor.jpg
rhythmwatch-single-channel,RhythmWatch® Single-Channel Mobile ECG Recorder,MicroPort Coronary,Cardiac Rhythm Management,Cardiac monitoring,Mobile ECG recorder,Wearable low-power mobile ECG recorder for 3-7 day continuous monitoring,"RhythmWatch® Single-Channel Mobile ECG Recorder is a wearable, low-power, flexible device designed for continuous monitoring over 3 to 7 days.",Wearable and low-power | Flexible design | Continuous monitoring 3-7 days,Continuous ambulatory ECG monitoring for up to 7 days,Patients requiring continuous ambulatory cardiac monitoring,Model: EPAJ-PAH-1A,,,cleared,,NMPA 20182210037.,rhythmwatch-single-channel.jpg
rhythmwatch-pro,RhythmWatch® Pro,MicroPort Coronary,Cardiac Rhythm Management,Cardiac monitoring,Mobile ECG recorder,Waterproof patch-based ECG recorder with three-lead variable configuration for 3-7 days,"RhythmWatch® Pro is a single-channel mobile ECG recorder with accessories, wearable, low-power, and flexible for continuous monitoring over 3 to 7 days. It is soft, comfortable, waterproof, supports bathing, and features a patch-based three-lead variable configuration.",Wearable and low-power | Waterproof and bath-safe | Patch-based three-lead variable configuration | Continuous monitoring 3-7 days,Continuous ambulatory ECG monitoring for up to 7 days,Patients requiring continuous ambulatory cardiac monitoring,Model: EPBB-PAH-1A,,,cleared,,NMPA 20212070427.,rhythmwatch-pro.jpg
rhythmwatch-3c,RhythmWatch®3C,MicroPort Coronary,Cardiac Rhythm Management,Cardiac monitoring,Mobile ECG recorder,Multi-lead wearable ECG recorder with waterproof design for 3-7 day monitoring,"RhythmWatch®3C is a mobile ECG recorder that is wearable, low-power, and flexible for continuous monitoring over 3 to 7 days. It is soft, comfortable, waterproof, supports bathing, and features a patch-based three-lead variable configuration.",Wearable and low-power | Waterproof and bath-safe | Patch-based three-lead variable configuration | Continuous monitoring 3-7 days,Continuous ambulatory ECG monitoring for up to 7 days,Patients requiring continuous ambulatory cardiac monitoring,Model: RW3C100,,,cleared,,NMPA 20232070277.,rhythmwatch-3c.jpg
remote-monitor-software,Remote Monitor Software,MicroPort Coronary,Cardiac Rhythm Management,Cardiac monitoring,Remote monitoring software,Multi-parameter remote real-time monitoring software with sub-100ms latency,"Remote Monitor Software provides multi-parameter remote real-time monitoring with low latency under 100ms, supporting ambulatory electrocardiography and wearable cardiac monitoring workflows.",Multi-parameter remote real-time monitoring | Low latency under 100ms,Remote real-time monitoring of patients using ambulatory wearable cardiac devices,Patients requiring remote cardiac monitoring across multiple clinical departments,Model: EPAY-EWS-1A,,,cleared,,NMPA 20232210173.,remote-monitor-software.jpg
holter-analysis-software,Holter Analysis Software,MicroPort Coronary,Cardiac Rhythm Management,Cardiac monitoring,Holter analysis software,Dynamic ECG analysis and reporting software with advanced automatic analysis technology,"Holter Analysis Software provides dynamic ECG analysis, editing, reporting, and storage with advanced signal modulation and automatic analysis technology, supporting clinical review of ambulatory ECG recordings.",Dynamic ECG analysis and editing | Automated analysis technology | Advanced signal modulation | Reporting and storage capabilities,"Analysis, editing, reporting, and storage of dynamic ECG data from ambulatory monitoring",Patients requiring Holter ECG analysis across cardiology and multiple clinical departments,Model: EPBL-EWS-1A,,,cleared,,NMPA 20242210022.,holter-analysis-software.jpg
ticker-cockpit,Ticker™Cockpit,MicroPort Prophecy,Coronary,Digital health & software,AI cardiovascular health assistant,AI-powered cardiovascular cockpit for nearby cardiovascular medical service planning,"Ticker™Cockpit is a Cardiovascular Cockpit AI Health Assistant designed for nearby cardiovascular medical service operation planning, serving as an AI-powered tool for cardiovascular health management.",AI-powered cardiovascular health assistance | Nearby cardiovascular medical service operation planning,Cardiovascular health monitoring and medical service operation planning,Patients and healthcare providers in internal medicine and general medicine settings,,,,,,,ticker-cockpit.jpg
ticker-clout,Ticker™Clout,MicroPort Prophecy,Coronary,Digital health & software,Digital medical cloud platform,AI-enabled digital medical cloud platform for complete healthcare data management,Ticker™Clout is a Digital Medical Cloud Platform Solution providing a complete cloud medical data solution. It incorporates AI-based image quality scoring and supports digital medical data management workflows.,Complete cloud medical data solution | AI image quality scoring | Digital medical cloud platform,Digital medical data management and AI-assisted imaging analysis in healthcare settings,Healthcare providers in internal medicine and general medicine settings,,,,,,,ticker-clout.jpg
ticker-ai-box,Ticker™ AI box,MicroPort Prophecy,Coronary,Digital health & software,Portable AI computer,Portable AI edge computing carrier for medical big health data applications,Ticker™ AI box is a portable AI computer serving as a Medical Big Health Data Artificial Intelligence Edge Computing Carrier. It has received CCC certification and is applicable to ultrasound and cardiology departments.,Portable AI edge computing | Medical big health data processing | CCC certified,AI-assisted edge computing for medical big health data applications in ultrasound and cardiology,Patients in ultrasound and cardiology departments,CCC Certificate Number: 202301901579091,,,,,CCC certificate number 202301901579091.,ticker-ai-box.jpg
rega-trefle-orchidee,Rega® / Trefle® / Orchidee®,MicroPort CardioFlow,Cardiac Rhythm Management,Pacemakers,Implantable cardiac pacemaker,China's first MRI-safe 1.5T pacemaker with AUTOMRI technology,"The Rega® / Trefle® / Orchidee® family is China's first MRI-safe 1.5T pacemaker series. Featuring unique AUTOMRI technology and a compact 8cc volume, it is available in three series and eight models.","China's first MRI-safe 1.5T pacemaker | AUTOMRI technology | 8cc volume | Three series, eight models",Cardiac pacing requiring MRI safety at 1.5T,,Models: 7202 | 5202 | 5201 | 3202 | 3201 | 7102 | 5102 | 3102,,,cleared,,NMPA 20173121369,rega-trefle-orchidee.jpg
esprit,ESPRIT,MicroPort CardioFlow,Cardiac Rhythm Management,Pacemakers,Implantable cardiac pacemaker,European-made pacemaker with Dplus algorithms and 8cc volume,ESPRIT is a pacemaker produced in Europe featuring Dplus and other algorithms along with international mainstream functions. It offers a compact volume of only 8cc.,European-made | Dplus algorithm | 8cc volume | DR and SR configurations,Cardiac pacing,,Models: ESPRIT DR | ESPRIT D | ESPRIT SR | ESPRIT S,,,cleared,,NMPA 20163122813,esprit.jpg
reply-200,REPLY 200,MicroPort CardioFlow,Cardiac Rhythm Management,Pacemakers,Implantable cardiac pacemaker,European-made pacemaker with SAFER and SAM algorithms,"REPLY 200 is a pacemaker produced in Europe featuring SAFER, SAM, and other algorithms along with international mainstream functions. Volume is only 8cc.",European-made | SAFER algorithm | SAM algorithm | 8cc volume,Cardiac pacing,,Models: REPLY 200 DR | REPLY 200 SR,,,cleared,,NMPA 20153120443,reply-200.jpg
reply,REPLY,MicroPort CardioFlow,Cardiac Rhythm Management,Pacemakers,Implantable cardiac pacemaker,European-made pacemaker with SAFER algorithm and 8cc volume,REPLY is a pacemaker produced in Europe featuring SAFER and other algorithms along with international mainstream functions. Volume is only 8cc.,"European-made | SAFER algorithm | 8cc volume | DR, D, SR, S configurations",Cardiac pacing,,Models: REPLY DR | REPLY D | REPLY SR | REPLY S,,,cleared,,NMPA 20163122814,reply.jpg
compassanalyzer,CompassAnalyzer™,MicroPort CardioFlow,Cardiac Rhythm Management,Pacemakers,Pacemaker system analyzer,Pacing system analyzer for testing leads during pacemaker implantation,CompassAnalyzer™ is designed for testing pacing leads during permanent pacemaker implantation. It is packaged as the MSC9112 Pacing System Analyzer together with the MSC9137 Surgical Cable.,Designed for lead testing at implant | MSC9112 Pacing System Analyzer | MSC9137 Surgical Cable,Testing pacing leads during permanent pacemaker implantation,,Package: MSC9112 Pacing System Analyzer | MSC9137 Surgical Cable,,,cleared,,NMPA 20182120277,compassanalyzer.jpg
beflex,Beflex,MicroPort CardioFlow,Cardiac Rhythm Management,Leads,MRI active fixation pacing lead,1.5T MRI active fixation lead for a safe MRI pacing pathway,Beflex is a 1.5T MRI active fixation lead designed for use with a compatible device to form a complete pacing system that provides a safe MRI pathway for patients.,1.5T MRI conditional | Active fixation | Compatible with full pacing system,Permanent cardiac pacing with MRI safety at 1.5T,,Models: Beflex RF45D | Beflex RF46D,,,cleared,,NMPA 20183120454,beflex.jpg
vega,Vega,MicroPort CardioFlow,Cardiac Rhythm Management,Leads,MRI active fixation pacing lead,3T MRI active fixation lead for a safe MRI pacing pathway,Vega is a 3T MRI active fixation lead designed for use with a compatible device to form a complete pacing system that provides a safe MRI pathway for patients.,3T MRI conditional | Active fixation | Compatible with full pacing system,Permanent cardiac pacing with MRI safety at 3T,,Models: VEGA R45 | VEGA R52 | VEGA R58,cleared,cleared,cleared,,NMPA 20243120059. CE I7 005178 0011 Rev.00. TGA 392590. FDA P130010/S001.,vega.jpg
platinium,PLATINIUM™,MicroPort CardioFlow,Cardiac Rhythm Management,Defibrillators & CRT,Implantable cardioverter defibrillator,China's first domestically developed ICD approved for marketing,"PLATINIUM™ is the first domestically developed ICD approved for marketing in China. Available in single-chamber and dual-chamber configurations, it is reported to have the longest service life among currently known comparable products.",First China-developed ICD approved domestically | Single-chamber and dual-chamber models | Longest reported service life among comparable products,Ventricular arrhythmia requiring ICD therapy,,Models: PLATINIUM VR1240 | PLATINIUM DR 1540,,,cleared,,NMPA 20243121892,platinium.jpg
edis,EDIS™,MicroPort CardioFlow,Cardiac Rhythm Management,Defibrillators & CRT,Implantable cardioverter defibrillator,MRI-conditional ICD with outstanding longevity and AutoMRI technology,"EDIS™ is an ICD range succeeding the PLATINIUM™ ICD range, designed for outstanding longevity. It is 1.5T and 3T full-body MRI conditional via AutoMRI™, supports remote monitoring, and features PARAD+™, BTO™, and SafeR™ algorithms.","1.5T and 3T full-body MRI conditional | AutoMRI™ automatic adaptation | PARAD+™, BTO™, SafeR™ algorithms | Remote monitoring",Ventricular arrhythmia requiring ICD therapy,,Models: EDIS VR 2110 | EDIS VR 2140 | EDIS DR 2410 | EDIS DR 2440,,cleared,,,CE G70 005178 0038 Rev.01,edis.jpg
ulys,ULYS™,MicroPort CardioFlow,Cardiac Rhythm Management,Defibrillators & CRT,Implantable cardioverter defibrillator,MRI-conditional ICD with additional arrhythmia prevention algorithms,"ULYS™ succeeds the PLATINIUM™ ICD range and shares EDIS™ platform features including outstanding longevity, 1.5T and 3T full-body MRI conditioning via AutoMRI™, and PARAD+™, BTO™, and SafeR™ algorithms. It adds further arrhythmia therapy prevention algorithms beyond those in EDIS™.","1.5T and 3T full-body MRI conditional | AutoMRI™ | Additional arrhythmia prevention algorithms vs EDIS™ | Remote monitoring | PARAD+™, BTO™, SafeR™",Ventricular arrhythmia requiring ICD therapy,,Models: ULYS VR 2210 | ULYS VR 2240 | ULYS DR 2510 | ULYS DR 2540,,cleared,,cleared,CE G70 005178 0038 Rev.01. PMDA 30400BZX00267000. TGA 400117,ulys.jpg
talentia-icd,TALENTIA™ ICD,MicroPort CardioFlow,Cardiac Rhythm Management,Defibrillators & CRT,Implantable cardioverter defibrillator,Bluetooth-connected ICD with outstanding longevity and AutoMRI,"TALENTIA™ ICD succeeds ULYS™ and adds Bluetooth connectivity for wireless programming and remote monitoring. It retains the ULYS™ platform features including outstanding longevity, 1.5T and 3T AutoMRI, PARAD+™, BTO™, and SafeR™, and adds Lead Parameter Evaluation alarms and new remote monitoring alerts.","Bluetooth wireless programming and remote monitoring | Lead Parameter Evaluation alarm | 1.5T and 3T AutoMRI | PARAD+™, BTO™, SafeR™",Ventricular arrhythmia requiring ICD therapy,,Models: TALENTIA VR 3210 | TALENTIA VR 3240 | TALENTIA DR 3510 | TALENTIA DR 3540,,cleared,,,CE G70 005178 0050. TGA ARTG 443130,talentia-icd.jpg
energya-icd,ENERGYA™ ICD,MicroPort CardioFlow,Cardiac Rhythm Management,Defibrillators & CRT,Implantable cardioverter defibrillator,Bluetooth-connected ICD succeeding EDIS™ with enhanced remote monitoring,"ENERGYA™ ICD succeeds EDIS™ and adds Bluetooth connectivity for wireless programming and remote monitoring. It retains the EDIS™ platform features including outstanding longevity, 1.5T and 3T AutoMRI, PARAD+™, BTO™, and SafeR™, and adds Lead Parameter Evaluation alarms and new remote monitoring alerts.","Bluetooth wireless programming and remote monitoring | Lead Parameter Evaluation alarm | 1.5T and 3T AutoMRI | PARAD+™, BTO™, SafeR™",Ventricular arrhythmia requiring ICD therapy,,Models: ENERGYA VR 3110 | ENERGYA VR 3140 | ENERGYA DR 3410 | ENERGYA DR 3440,,cleared,,,CE G70 005178 0050,energya-icd.jpg
gali-crtd,GALI™ CRT-D,MicroPort CardioFlow,Cardiac Rhythm Management,Defibrillators & CRT,Cardiac resynchronization therapy defibrillator,MRI-conditional CRT-D with outstanding longevity and AutoMRI,"GALI™ CRT-D succeeds PLATINIUM™ CRT-D and is designed for outstanding longevity. It is 1.5T and 3T full-body MRI conditional via AutoMRI™, supports remote monitoring, and features PARAD+™, BTO™, and SafeR™ algorithms.","1.5T and 3T full-body MRI conditional | AutoMRI™ | PARAD+™, BTO™, SafeR™ | Remote monitoring",Heart failure requiring cardiac resynchronization with defibrillation backup,,Models: GALI CRTD 2711 | GALI CRTD 2741 | GALI CRTD 2744,,cleared,cleared,cleared,CE I7 005178 0033 Rev.00. NMPA 20233120203. PMDA 23000BZI00012000,gali-crtd.jpg
gali-crtd-sonr,GALI™ CRT-D SonR®,MicroPort CardioFlow,Cardiac Rhythm Management,Defibrillators & CRT,Cardiac resynchronization therapy defibrillator,MRI-conditional CRT-D with SonR® automatic AV/VV optimization,"GALI™ CRT-D SonR® succeeds PLATINIUM™ CRT-D SonR® and adds the unique SonR® real-time contractility sensor, which measures left ventricular contractility and automatically optimizes AV and VV delays at rest and during exercise. It is 1.5T and 3T full-body MRI conditional.","SonR® real-time contractility sensor | Automatic AV and VV delay optimization at rest and exercise | 1.5T and 3T MRI conditional | AutoMRI™ | PARAD+™, BTO™, SafeR™",Heart failure requiring cardiac resynchronization with defibrillation backup and hemodynamic optimization,,Models: GALI SonR CRTD 2811 | GALI SonR CRTD 2841,,cleared,,cleared,"CE G70 005178 0038 Rev.01. PMDA 30400BZX00268000. TGA 400139, 400140, 400141",gali-crtd-sonr.jpg
talentia-crtd-sonr,TALENTIA™ CRT-D SonR®,MicroPort CardioFlow,Cardiac Rhythm Management,Defibrillators & CRT,Cardiac resynchronization therapy defibrillator,Bluetooth CRT-D with SonR® optimization and enhanced remote monitoring,"TALENTIA™ CRT-D SonR® is the latest CRT-D SonR® family, succeeding GALI™ CRT-D SonR®. It adds Bluetooth connectivity for wireless programming and remote monitoring while retaining outstanding longevity, 1.5T and 3T AutoMRI, PARAD+™, BTO™, SafeR™, and SonR® optimization. It also includes Lead Parameter Evaluation alarms and new remote monitoring alerts.",Bluetooth wireless programming and remote monitoring | SonR® hemodynamic optimization | Lead Parameter Evaluation alarm | 1.5T and 3T AutoMRI,Heart failure requiring cardiac resynchronization with defibrillation backup and hemodynamic optimization,,Models: TALENTIA CRTD SonR 3811 | TALENTIA CRTD SonR 3841 | TALENTIA 4LV CRTD SonR 3844,,cleared,,,CE G70 005178 0050. TGA ARTG 443132,talentia-crtd-sonr.jpg
energya-crtd,ENERGYA™ CRT-D,MicroPort CardioFlow,Cardiac Rhythm Management,Defibrillators & CRT,Cardiac resynchronization therapy defibrillator,Bluetooth CRT-D succeeding GALI™ with enhanced remote monitoring,"ENERGYA™ CRT-D is the latest CRT-D family, succeeding GALI™ CRT-D. It adds Bluetooth connectivity for wireless programming and remote monitoring while retaining outstanding longevity, 1.5T and 3T AutoMRI, PARAD+™, BTO™, and SafeR™. It also includes Lead Parameter Evaluation alarms and new remote monitoring alerts.","Bluetooth wireless programming and remote monitoring | Lead Parameter Evaluation alarm | 1.5T and 3T AutoMRI | PARAD+™, BTO™, SafeR™",Heart failure requiring cardiac resynchronization with defibrillation backup,,Models: ENERGYA CRTD 3711 | ENERGYA CRTD 3741 | ENERGYA 4LV CRTD 3744,,cleared,,,CE G70 005178 0050,energya-crtd.jpg
kora-250,KORA™ 250,MicroPort CardioFlow,Cardiac Rhythm Management,Pacemakers,Implantable cardiac pacemaker,Pacemaker designed to improve patient outcomes and practice efficiency,KORA™ 250 is designed to improve patient outcomes while driving efficiency in practice.,SR and DR configurations,Cardiac pacing,,Models: KORA 250 SR | KORA 250 DR,,cleared,cleared,cleared,CE G70 005178 0054 Rev. 00. NMPA 20243120032. PMDA 22800BZI00002000,kora-250.jpg
oto,OTO™,MicroPort CardioFlow,Cardiac Rhythm Management,Pacemakers,Implantable cardiac pacemaker,"World's smallest transvenous pacemaker, 1.5T and 3T MRI conditional",OTO™ is described as the world's smallest transvenous pacemaker and is 1.5T and 3T full-body MR conditional. It supports fast and easy follow-up at a click of a button.,World's smallest transvenous pacemaker | 1.5T and 3T MR conditional | Fast and easy follow-up,Cardiac pacing,,Models: OTO SR | OTO DR,,cleared,cleared,,CE G70 005178 0050. NMPA 20243120060.,oto.jpg
teo,TEO™,MicroPort CardioFlow,Cardiac Rhythm Management,Pacemakers,Implantable cardiac pacemaker,World's smallest transvenous pacemaker with therapies activated at implant,TEO™ is described as the world's smallest transvenous pacemaker and is 1.5T and 3T full-body MR conditional. Therapies are activated automatically at implant.,World's smallest transvenous pacemaker | 1.5T and 3T MR conditional | Automatic therapy activation at implant,Cardiac pacing,,Models: TEO SR | TEO DR,,cleared,cleared,,CE G70 005178 0054 Rev. 00. NMPA 20243120060.,teo.jpg
eno,ENO™,MicroPort CardioFlow,Cardiac Rhythm Management,Pacemakers,Implantable cardiac pacemaker,World's smallest transvenous pacemaker with AF risk management,ENO™ is described as the world's smallest transvenous pacemaker and is 1.5T and 3T full-body MR conditional. It features AF risk management capability.,World's smallest transvenous pacemaker | 1.5T and 3T MR conditional | AF risk management,Cardiac pacing with atrial fibrillation risk management,,Models: ENO SR | ENO SR J | ENO DR | ENO DR J,,cleared,cleared,cleared,"CE G70 005178 0054 Rev. 00. NMPA 20243120060. PMDA 22800BZI00002000. TGA ENO SR: 327723, ENO DR: 327722",eno.jpg
celea,CELEA™,MicroPort CardioFlow,Cardiac Rhythm Management,Pacemakers,Implantable cardiac pacemaker,Bluetooth pacemaker with 1.5T and 3T MRI conditioning and exceptional longevity,"CELEA™ offers seamless Bluetooth connectivity for wireless monitoring, is 1.5T and 3T full-body MR conditional with AutoMRI functionality, and provides exceptional longevity.",Bluetooth wireless monitoring | 1.5T and 3T MR conditional | AutoMRI functionality | Exceptional longevity,Cardiac pacing,,Models: CELEA SR | CELEA DR,cleared,cleared,,cleared,"CE G70 005178 0040 Rev. 00. PMDA 30400BZX00001000. TGA Alizea DR: 396885, Alizea SR: 396619. FDA 180-day PMA supplement P950029/S133 & P980049/S145",celea.jpg
borea,BOREA™,MicroPort CardioFlow,Cardiac Rhythm Management,Pacemakers,Implantable cardiac pacemaker,Remotely programmable pacemaker with connected algorithms for clinical outcomes,BOREA™ enables remote programming set-up and follow-up with connected algorithms designed to work together for improved clinical outcomes.,Remote programming and follow-up | Connected algorithms | SR and DR configurations,Cardiac pacing,,Models: BOREA SR | BOREA DR,,cleared,,,"CE G70 005178 0040 Rev. 00. TGA Borea DR: 396884, Borea SR: 396617",borea.jpg
alizea,ALIZEA™,MicroPort CardioFlow,Cardiac Rhythm Management,Pacemakers,Implantable cardiac pacemaker,Remotely monitored pacemaker with excellent longevity and AF management,"ALIZEA™ supports remote clinical follow-up with excellent longevity in remote mode, reducing replacement need. It efficiently manages AF while improving clinical outcomes.",Remote follow-up with excellent longevity | AF management | Reduced replacement frequency | SR and DR configurations,Cardiac pacing with atrial fibrillation management,,Models: ALIZEA SR 1300 | ALIZEA DR 1600,cleared,cleared,,cleared,"CE G70 005178 0040 Rev. 00. PMDA 30400BZX00001000. TGA Alizea DR: 396885, Alizea SR: 396619. FDA 180-day PMA supplement P950029/S133 & P980049/S145",alizea.jpg
xfine,XFINE™,MicroPort CardioFlow,Cardiac Rhythm Management,Leads,MRI passive fixation pacing lead,MRI passive pacing leads compatible with single and dual-chamber pacemakers,XFINE™ are MRI passive pacing leads compatible with single and dual-chamber pacemakers.,MRI passive fixation | Compatible with single and dual-chamber pacemakers,Permanent cardiac pacing,,Models: X-FINE JX24D | X-FINE JX25D | X-FINE TX25D | X-FINE TX26D,,cleared,,cleared,CE I7 005178 0019. PMDA 22100BZI00012000,xfine.jpg
sonrtip,SonRtip™,MicroPort CardioFlow,Cardiac Rhythm Management,Leads,Atrial pacing lead with hemodynamic sensor,The only atrial pacing lead with SonR™ sensor for CRT-D devices,SonRtip™ is the only atrial pacing lead featuring the SonR™ hemodynamic sensor. It is compatible with all CRT-D SonR devices.,Only atrial lead with SonR™ sensor | Compatible with all CRT-D SonR devices,Atrial pacing in patients with CRT-D SonR devices,,Models: PS55D,,cleared,,,CE I7 005178 0011 Rev.00. TGA 392590.,sonrtip.jpg
invicta,INVICTA™,MicroPort CardioFlow,Cardiac Rhythm Management,Leads,MRI DF4 active fixation defibrillation lead,MRI DF4 active fixation defibrillation leads for ICD and CRT-D devices,INVICTA™ are MRI DF4 active fixation defibrillation leads compatible with all ICD and CRT-D devices featuring a DF4 header.,MRI DF4 active fixation | Compatible with DF4 header ICDs and CRT-Ds,Defibrillation lead for ICD and CRT-D implantation,,Models: INVICTA 1CR58 | INVICTA 2CR58 | INVICTA 1CR68 | INVICTA 2CR68,,cleared,,cleared,CE G70 005178 0045 Rev. 00. TGA 422101. PMDA 30500BZX00131000,invicta.jpg
navigo,NAVIGO™,MicroPort CardioFlow,Cardiac Rhythm Management,Leads,MRI IS4 left ventricular pacing lead,MRI IS4 left ventricular pacing leads for CRT-D devices,NAVIGO™ are MRI IS4 left ventricular pacing leads compatible with all CRT-D devices featuring an IS4 header.,MRI IS4 left ventricular pacing | Compatible with IS4 header CRT-D devices,Left ventricular pacing in heart failure patients with CRT-D,,Models: NAVIGO 4LV 2D 78 | NAVIGO 4LV 2D 88 | NAVIGO 4LV Arc 78 | NAVIGO 4LV Arc 88,,cleared,,cleared,CE G70 005178 0044 Rev. 01. TGA 396631. PMDA 30500BZX00225000,navigo.jpg
orchestra-plus,Orchestra Plus,MicroPort CardioFlow,Cardiac Rhythm Management,Programmers & analyzers,Tablet programmer,Tablet programmer for interrogating and adjusting MicroPort CRM devices,"Orchestra Plus is a tablet programmer used to interrogate, follow up, and adjust settings of MicroPort CRM pacemakers, ICDs, and CRT-Ds. Available in SmartTouch and SmartTouch XT configurations.","Supports pacemakers, ICDs, and CRT-Ds | Tablet-based programming | SmartTouch and SmartTouch XT models",Programming and follow-up of implanted MicroPort CRM devices,,Models: SmartTouch | SmartTouch XT,,,,cleared,TGA 334705. PMDA 30100BZI00004000,orchestra-plus.jpg
smart-monitor,Smart Monitor™,MicroPort CardioFlow,Cardiac Rhythm Management,Cardiac monitoring,Bedside transmitter,Radio frequency bedside transmitter for MicroPort defibrillators,Smart Monitor™ is a radio frequency bedside transmitter for MicroPort defibrillators. It uses a SIM card to transmit data over the cellular network.,RF bedside transmission | SIM card cellular data transmission | Compatible with MicroPort defibrillators,Remote monitoring of implanted MicroPort defibrillators,,,cleared,cleared,,cleared,CE I7 005178 0030 rev.00. PMDA 225ACBZI00051Z00. TGA 350770. FDA P980049/S141,smart-monitor.jpg
smartview-connect,SmartView Connect™,MicroPort CardioFlow,Cardiac Rhythm Management,Cardiac monitoring,Bedside transmitter,Bluetooth bedside transmitter for overnight patient data transmission,SmartView Connect™ is a simple Bluetooth bedside transmitter that sends patient data overnight using a SIM card to transmit over the cellular network.,Bluetooth connectivity | SIM card cellular data transmission | Overnight data transfer,Remote monitoring of implanted MicroPort CRM devices,,,,cleared,,cleared,CE G70 005178 0043 Rev. 00. PMDA 303AABZX00039000. TGA 379251,smartview-connect.jpg
spiderview-synescope,SPIDERVIEW® & SYNESCOPE®,MicroPort CardioFlow,Cardiac Rhythm Management,Cardiac monitoring,Ambulatory ECG Holter recorder,Long-term ambulatory ECG Holter recorder for arrhythmia assessment,SPIDERVIEW® is a long-term ambulatory ECG Holter recorder used together with SYNESCOPE® for arrhythmia assessment.,Long-term ambulatory ECG recording | Holter monitoring,Ambulatory arrhythmia assessment,,,cleared,cleared,,,CE A6_34232_rev5. FDA K032466,spiderview-synescope.jpg
spiderflash-eventscope,SPIDERFLASH™ & EVENTSCOPE™,MicroPort CardioFlow,Cardiac Rhythm Management,Cardiac monitoring,Event loop recorder,Smart event loop recorder combining Holter monitoring with long-duration recording,"SPIDERFLASH™ is a smart event loop recorder that combines the accuracy of Holter monitoring with long-duration recording benefits, used with EVENTSCOPE™.",Event loop recording | Holter monitoring accuracy | Long-duration recording,Ambulatory arrhythmia assessment with long-duration event recording,,,,cleared,,cleared,CE A6_34232_rev5. TGA 226582. PMDA 302AABZX00080000,spiderflash-eventscope.jpg
infinity115,Infinity115®,MicroPort Surgical,Extracorporeal Life Support,Extracorporeal life support,Cardiopulmonary bypass and centrifugal pump system,Integrated CPB and centrifugal pump system for acute cardiopulmonary failure,The Infinity115® is a cardiopulmonary bypass and centrifugal pump system indicated for adult patients with acute respiratory or cardiopulmonary failure who cannot be managed by other treatment methods and face a risk of deterioration or death. The system is currently under development with NMPA approval targeted for December 2025.,Dual-function CPB and centrifugal pump system | Designed for acute respiratory and cardiopulmonary failure | Targets patients with foreseeable risk of deterioration or death,Acute respiratory failure or acute cardiopulmonary failure in adults difficult to control with other treatments and at foreseeable risk of deterioration or death,Adult patients with acute respiratory or cardiopulmonary failure,,,,in progress,,NMPA approval estimated December 2025 (under development).,infinity115.jpg
vitasprings-gopo-membrane-oxygenator,Vitasprings® GoPo Membrane Oxygenator,MicroPort Surgical,Extracorporeal Life Support,Extracorporeal life support,Membrane oxygenator with integrated arterial filter,Artificial lung with integrated arterial filtration for cardiopulmonary support,The Vitasprings® GoPo Membrane Oxygenator is an artificial lung system providing temporary cardiopulmonary support with an integrated arterial filter for enhanced patient safety during critical respiratory conditions.,"Integrated arterial filter | Six model variants (30, 50, 70 series, with and without filter)",Temporary cardiopulmonary support during cardiac surgery or critical respiratory conditions,,Models: HRMO-70F | HRMO-70 | HRMO-50F | HRMO-50 | HRMO-30F | HRMO-30,,,cleared,,NMPA 20223101297.,vitasprings-gopo-membrane-oxygenator.jpg
vitasprings-oxygenation-system,Vitasprings® Oxygenation System,MicroPort Surgical,Extracorporeal Life Support,Extracorporeal life support,Long-term cardiopulmonary support oxygenation system,Continuous respiratory support for severe pulmonary conditions across patient sizes,"The Vitasprings® Oxygenation System is an artificial lung designed for long-term cardiopulmonary support, providing continuous respiratory assistance to patients with severe pulmonary conditions.","Long-term use design | Adult, pediatric, and infant flow configurations",Long-term cardiopulmonary support for patients with severe pulmonary conditions,"Adult, pediatric, and infant patients",Adult: 6000 mL/min | Pediatric: 2500 mL/min | Infant: 1500 mL/min,,,cleared,,NMPA 20143101839.,vitasprings-oxygenation-system.jpg
sleekflow-vent-catheter,SleekFlow® (CC-LT) Vent Catheter,MicroPort Surgical,Extracorporeal Life Support,Extracorporeal life support,Vent catheter,Cardiac surgery vent catheter for blood extraction from the chest cavity,The SleekFlow® (CC-LT) Vent Catheter is used in cardiac surgery to extract blood that obstructs infusion from the chest cavity outside the heart.,"Three size ranges for adult, pediatric, and infant patients",Extraction of blood obstructing infusion from the chest cavity outside the heart during cardiac surgery,"Adult, pediatric, and infant patients",Adult: OD 5.8 ± 0.5 mm | Pediatric: OD 4.5 ± 0.5 mm | Infant: OD 4.0 ± 0.5 mm,,,cleared,,NMPA 20153101164.,sleekflow-vent-catheter.jpg
sleekflow-suction-wand,SleekFlow® (CC-RT) Suction Wand,MicroPort Surgical,Extracorporeal Life Support,Extracorporeal life support,Suction wand,Peripheral blood drainage or perfusion suction catheter for cardiac surgery,The SleekFlow® (CC-RT) Suction Wand is used for peripheral blood vessel drainage or perfusion.,Rigid and flexible catheter options | Adult and pediatric sizes,Peripheral blood vessel blood drainage or perfusion,Adult and pediatric patients,Rigid Suction Catheter: Adult/Pediatric | Flexible Suction Catheter: Adult/Pediatric,,,cleared,,NMPA 20153101936.,sleekflow-suction-wand.jpg
sleekflow-arterial-cannula,SleekFlow® (AO) Arterial Cannula,MicroPort Surgical,Extracorporeal Life Support,Extracorporeal life support,Arterial cannula,Arterial cannula for blood inflow during extracorporeal circulation,The SleekFlow® (AO) Arterial Cannula connects pipes and blood vessels during extracorporeal circulation to facilitate blood flow into the body.,Plastic straight-tip and plastic curved-tip options | Nine straight-tip sizes (Fr8–Fr24) | Six curved-tip sizes (Fr14–Fr24),Arterial blood inflow connection during extracorporeal circulation,,Plastic straight tip: Fr8–Fr24 (9 sizes) | Plastic curved tip: Fr14–Fr24 (6 sizes),,,cleared,,NMPA 20173100951.,sleekflow-arterial-cannula.jpg
sleekflow-venous-return-cannula,SleekFlow® (CV) Venous Return Cannula,MicroPort Surgical,Extracorporeal Life Support,Extracorporeal life support,Venous return cannula,Venous cannula for blood outflow from the body during extracorporeal circulation,The SleekFlow® (CV) Venous Return Cannula connects pipelines and blood vessels during extracorporeal circulation to facilitate blood flow from the body.,"Single-stage and two-stage configurations | Straight-tip, plastic curved-tip, and metal curved-tip single-stage options | Wide two-stage size range",Venous blood drainage connection during extracorporeal circulation,,Single Stage: plastic straight tip / plastic curved tip / metal curved tip | Two Stage: Fr14–Fr42 | Fr24/28–Fr38/50,,,cleared,,NMPA 20173100952.,sleekflow-venous-return-cannula.jpg
sleekflow-ultra,SleekFlow® Ultra,MicroPort Surgical,Extracorporeal Life Support,Extracorporeal life support,Arterial and venous cannula,High-precision arterial and venous cannulas optimizing cardiac surgical visibility,"The SleekFlow® Ultra is a family of arterial and venous cannulas used in cardiac surgery to enable efficient blood drainage from the heart, optimizing surgical visibility and precision.","Extensive model range covering jugular, arterial, and venous cannula types | Optimized for surgical visibility and precision",Blood drainage from the heart during cardiac surgery,,"Models: KW-J15180 to KW-J25180 (jugular) | KW-A08100 to KW-A14115 (arterial) | KW-V08100 to KW-V29600S (venous, including straight and S variants)",,,cleared,,NMPA 20233100619.,sleekflow-ultra.jpg
lifewell-cardioplegia-delivery-system,LifeWell® Cardioplegia Delivery System,MicroPort Surgical,Extracorporeal Life Support,Extracorporeal life support,Cardioplegia delivery system,Delivers myocardial protective fluid to stop the heart during cardiac surgery,The LifeWell® Cardioplegia Delivery System is used during extracorporeal circulation to inject myocardial protective fluid into the coronary arteries to arrest the heart.,PE tube and stainless steel coil model variants | Used during extracorporeal circulation,Injection of myocardial protective fluid into coronary arteries to arrest the heart during extracorporeal circulation,,CDS-B-1: PE tube | CDS-B-2: Stainless steel coil,,,cleared,,NMPA 20153101935.,lifewell-cardioplegia-delivery-system.jpg
wellsprings-hemofilter,Wellsprings® Hollow Fibre Hemofilter,MicroPort Surgical,Extracorporeal Life Support,Extracorporeal life support,Hollow fibre hemofilter,Filters microthrombi and bubbles from extracorporeal circulation blood,The Wellsprings® Hollow Fibre Hemofilter is used to filter out microthrombi and bubbles present in extracorporeal circulation blood.,Hollow fibre filtration technology | Adult and pediatric sizes | Removes microthrombi and bubbles,Filtration of microthrombi and bubbles from extracorporeal circulation blood,Adult and pediatric patients,Adult | Pediatric,,,cleared,,NMPA 20143101838.,wellsprings-hemofilter.jpg
evermend-asd-occluder,Evermend® ASD Occluder,MicroPort Surgical,Extracorporeal Life Support,Occluders & closure devices,Atrial septal defect occluder,Percutaneous closure device for secundum atrial septal defects,"The Evermend® ASD Occluder is designed for the percutaneous closure of secundum atrial septal defects (ASD). It provides secure occlusion, reducing risks associated with open surgery.",Percutaneous transcatheter delivery | Broad model size range (KW04 to KW40 series) | Minimally invasive alternative to open surgery,Percutaneous closure of secundum atrial septal defects (ASD),,Models: KW041216 through KW405256 (27 models),,,cleared,,NMPA 20163131168.,evermend-asd-occluder.jpg
evermend-ds-delivery-system,Evermend® DS Delivery System,MicroPort Surgical,Extracorporeal Life Support,Occluders & closure devices,Occluder delivery system,Precision delivery system for transcatheter occluder devices in congenital heart disease,The Evermend® DS Delivery System is designed to ensure the safe and precise delivery of therapeutic occluder devices for congenital heart disease.,Bending angles of 45° and 180° | Sizes 5F–14F | Designed for precise occluder deployment,Delivery of therapeutic occluder devices for congenital heart disease,,Sizes: 5F | 6F | 7F | 8F | 9F | 10F | 12F | 14F | Bending angles: 45° and 180°,,,cleared,,NMPA 20143032120.,evermend-ds-delivery-system.jpg
evermend-pda-occluder,Evermend® PDA Occluder,MicroPort Surgical,Extracorporeal Life Support,Occluders & closure devices,Patent ductus arteriosus occluder,Transcatheter closure device for patent ductus arteriosus,"The Evermend® PDA Occluder is a percutaneous, transcatheter device for the precise closure of patent ductus arteriosus (PDA), providing reliable outcomes with minimal invasiveness.",Percutaneous transcatheter delivery | Ten model size options | Minimally invasive closure,Percutaneous transcatheter closure of patent ductus arteriosus (PDA),,Models: KW040509 | KW040610 | KW060812 | KW081016 | KW101218 | KW121420 | KW141622 | KW161826 | KW182028 | KW202230,,,cleared,,NMPA 20163131167.,evermend-pda-occluder.jpg
evermend-vsd-occluder,Evermend® VSD Occluder,MicroPort Surgical,Extracorporeal Life Support,Occluders & closure devices,Ventricular septal defect occluder,Transcatheter closure device for ventricular septal defects,"The Evermend® VSD Occluder is a transcatheter device for the closure of ventricular septal defects (VSD), offering a minimally invasive approach.",Transcatheter minimally invasive delivery | Six model size options,Transcatheter closure of ventricular septal defects (VSD),,Models: KWV050909 | KWV061010 | KWV071111 | KWV081212 | KWV091313 | KWV101414,,,cleared,,NMPA 20153130671.,evermend-vsd-occluder.jpg
blessing-pure-polypropylene-hernia-mesh,Blessing® PURE Polypropylene Hernia Mesh,MicroPort Surgical,Extracorporeal Life Support,Surgical instruments,Hernia mesh,Polypropylene mesh for hernia and abdominal wall repair,The Blessing® PURE Polypropylene Hernia Mesh is used for repairing hernias and abdominal wall defects.,Polypropylene construction | Broad model range across multiple size configurations,Repair of hernias and abdominal wall defects,,Models: FM011–FM013 | FM021–FM026 | FM031–FM032 | FM041–FM042 | FM051–FM052 | FM061–FM062,,,cleared,,NMPA 20163131154.,blessing-pure-polypropylene-hernia-mesh.jpg
mobybox,MOBYBOX®,MicroPort Surgical,Extracorporeal Life Support,Extracorporeal life support,Portable pneumatic ECMO system,World-first highly integrated portable pneumatic ECLS system weighing 2 kg,"MOBYBOX® is the world's first highly integrated portable ECLS system requiring only a gas source for heart and lung support. Weighing only 2 kilograms, it is designed for fast transportation and operation in settings such as the cath lab, cardiology, cardiovascular perfusion, and general ICU.",Gas-source-only operation (no electric power required) | Weighs 2 kg | Compact and portable for rapid transport,Extracorporeal heart and lung support in patients requiring ECMO,"Patients in cardiovascular perfusion, cath lab, cardiology, and general ICU settings",Models: HVEU-007 (MOBYBOX package) | HVCEU-005 (controller),,cleared,,,"CE MDR534936, MDR2017Q.",mobybox.jpg
dnfinity115,Dnfinity115™,MicroPort Surgical,Extracorporeal Life Support,Extracorporeal life support,Gas exchanger / membrane oxygenator,Innovative membrane oxygenator design for efficient gas exchange,The Dnfinity115™ is an innovative membrane oxygenator design that achieves efficient gas exchange.,Innovative membrane design for efficient gas exchange,Gas exchange support in extracorporeal life support,,,,cleared,,,"CE MDR534936, MDR2017Q.",dnfinity115.jpg
optimablate-tubing-set,OptimAblate™ Tubing Set,MicroPort EverPace,Electrophysiology,EP generators & accessories,Irrigation tubing set,Stable cold saline infusion for RF ablation procedures,"The OptimAblate Tubing Set provides stable cold saline infusion for radiofrequency ablation, reducing procedural risk. It is designed for use with compatible RF ablation systems.",Stable cold saline delivery | Reduces procedural risk during RF ablation,Cold saline infusion support for cardiac RF ablation procedures,,Model: EPAB3200,,cleared,cleared,,NMPA 20213140579. CE G1 081711 0023 Rev.00. TGA 354751.,optimablate-tubing-set.jpg
columbus-cardiac-electrophysiology-stimulator,Columbus™ Cardiac Electrophysiology Stimulator,MicroPort EverPace,Electrophysiology,EP generators & accessories,EP stimulator,"Compact, safe, and smart cardiac electrophysiology stimulator with built-in battery","The Columbus Cardiac Electrophysiology Stimulator is a safe and reliable EP stimulator featuring a compact, smart design with a built-in battery. It supports cardiac electrophysiology procedures in catheterization lab settings.",Safe and reliable design | Compact and smart form factor | Built-in battery,Cardiac electrophysiology stimulation during EP procedures,,Model: DF-5A,,cleared,,,CE G1 081711 0023 Rev.00. TGA 354883.,columbus-cardiac-electrophysiology-stimulator.jpg
columbus-reference-patch,Columbus® Reference Patch,MicroPort EverPace,Electrophysiology,EP mapping & diagnostics,Reference electrode patch,Lightweight electrode for enhanced electrophysiology accuracy and patient comfort,"The Columbus Reference Patch is a lightweight, user-friendly electrode designed to enhance electrophysiology accuracy and patient comfort through high-sensitivity signal transmission. It is used with the Columbus 3D EP mapping system.",High-sensitivity signal transmission | Lightweight and user-friendly design | Enhances mapping accuracy,Electrode reference for use with cardiac electrophysiology mapping systems,,Model: EPR105A,,cleared,cleared,,NMPA 20202070586. CE G1 081711 0023 Rev.00. TGA 323487.,columbus-reference-patch.jpg
easyfinder-adaptcurve,EasyFinder® AdaptCurve,MicroPort EverPace,Electrophysiology,EP mapping & diagnostics,Steerable curve diagnostic catheter,Adjustable steerable catheter for precise navigation in complex cardiac structures,The EasyFinder AdaptCurve is a steerable curve diagnostic catheter that delivers precise navigation for complex cardiac structures through its adjustable design. It supports electrophysiology mapping and diagnostic procedures.,Adjustable curve for complex anatomy navigation | Precise cardiac structure access | Multiple model configurations,Diagnostic cardiac electrophysiology mapping and navigation,,Models: EPD6DH252 | EPD6DH005 | EPD6DH010 | EPD6DH282,,cleared,cleared,,"NMPA 20153071582. CE G1 081711 0025 Rev.00, G7 081711 0026 Rev.00. TGA 339196.",easyfinder-adaptcurve.jpg
easyfinder-fixcurve,EasyFinder® FixCurve,MicroPort EverPace,Electrophysiology,EP mapping & diagnostics,Fixed curve diagnostic catheter,Fixed curve diagnostic catheter for stable ECG mapping with precision,The EasyFinder FixCurve is a fixed curve diagnostic catheter that optimizes ECG mapping with exceptional stability and precision. Multiple model configurations support a range of electrophysiology diagnostic applications.,Fixed curve for stable positioning | Optimized ECG mapping | Multiple curve and model options,Diagnostic ECG mapping in cardiac electrophysiology procedures,,Models: EPD6AB252 | EPD6AB005 | EPD6DB252 | EPD6DB005 | EPD6FB252 | EPD5PC282 | EPD6PC282 (representative),cleared,cleared,cleared,,"NMPA 20153070826. CE G1 081711 0025 Rev.00, G7 081711 0026 Rev.00. FDA K210313. TGA 339195.",easyfinder-fixcurve.jpg
firemagic-cool,FireMagic® Cool,MicroPort EverPace,Electrophysiology,Ablation catheters,Irrigated RF ablation catheter,Cold saline irrigation catheter for safer cardiac RF ablation,The FireMagic Cool is an irrigated RF ablation catheter that uses cold saline irrigation technology to minimize tissue damage and enhance procedural safety during cardiac ablation.,Cold saline irrigation for tissue protection | Reduces collateral thermal damage | Multiple tip and curve configurations,Cardiac RF ablation for treatment of arrhythmias,,Models: EPC7BTC | EPC7DTC | EPC7FTC | EPC7JTC,,,cleared,,NMPA 20163011580.,firemagic-cool.jpg
easyloop-circular,EasyLoop® Circular Mapping Catheter,MicroPort EverPace,Electrophysiology,EP mapping & diagnostics,Circular mapping catheter,Circular design catheter for accurate atrial fibrillation signal capture,The EasyLoop Circular Mapping Catheter accurately captures atrial fibrillation signals using its unique circular design. It supports pulmonary vein mapping in AF ablation procedures.,Circular design for atrial fibrillation signal capture | Multiple loop sizes | Broad regulatory clearance,Atrial fibrillation electrophysiology mapping and pulmonary vein isolation guidance,,Models: EPQ7P012 | EPQ7P015 | EPQ7P020 | EPQ7P025,,cleared,cleared,,"NMPA 20163070998. CE G1 081711 0025 Rev.00, G7 081711 0026 Rev.00. TGA 332882.",easyloop-circular.jpg
firemagic-zhuorf,FireMagic® ZhuoRF,MicroPort EverPace,Electrophysiology,Ablation catheters,RF ablation catheter,Precise and controlled RF energy delivery for effective arrhythmia treatment,The FireMagic ZhuoRF is a cardiac RF ablation catheter that provides precise and controlled radiofrequency energy for effective treatment of arrhythmias. It offers multiple tip configurations and sizes to meet varied clinical needs.,Precise RF energy delivery | Multiple tip and curve options | Broad model range for clinical flexibility,Treatment of cardiac arrhythmias via radiofrequency ablation,,Models: EPA7ATC | EPA7BTC | EPA7CTC | EPA7DTC | EPA7ETC | EPA7FTC | EPA8BTC | EPA8DTC | EPA8ETC | EPA8FTC | EPW ST (representative),,cleared,cleared,,"NMPA 20163010650. CE G1 081711 0025 Rev.00, G7 081711 0026 Rev.00. TGA 333859.",firemagic-zhuorf.jpg
easyloop-3d,EasyLoop® 3D Circular Mapping Catheter,MicroPort EverPace,Electrophysiology,EP mapping & diagnostics,3D circular mapping catheter,3D circular mapping catheter for enhanced cardiac signal capture and procedural precision,"The EasyLoop 3D Circular Mapping Catheter combines a circular electrode design with 3D positioning to enhance signal capture, streamline procedures, and improve precision in cardiac electrophysiology. It carries CE MDR certification.",Circular design with 3D magnetic positioning | Enhanced signal capture for AF mapping | Multiple loop sizes,Cardiac electrophysiology mapping including atrial fibrillation signal capture,,Models: EPQN7P012 | EPQN7P015 | EPQN7P020 | EPQN7P025 | C0G014,,cleared,cleared,,"NMPA 20203070633. CE MDR 754794, MDR 754795.",easyloop-3d.jpg
easyfinder-3d,EasyFinder® 3D,MicroPort EverPace,Electrophysiology,EP mapping & diagnostics,3D steerable curve diagnostic catheter,Flexible 3D diagnostic catheter for precise cardiac electrophysiology positioning,"The EasyFinder 3D is a steerable curve diagnostic catheter with outstanding flexibility and precise 3D positioning, providing an optimized solution for cardiac electrophysiological diagnosis. It is compatible with the Columbus 3D mapping system via associated cable C0G010.",Flexible steerable curve design | Precise 3D magnetic positioning | Compatible with Columbus mapping system | Multiple curve configurations,Cardiac electrophysiology diagnostic mapping and catheter positioning,,Models: EPY6DF252 | EPY6DF005 | EPY6DF010 | EPYSDF252 | EPYSDF005 | EPY6DS252 | EPYSDS252 | EPY6DE252 | EPY6DT252 | EPYSDT252 | EPS150A (representative); Associated cable: C0G010,,,cleared,,NMPA 20183070164.,easyfinder-3d.jpg
firemagic-3d,FireMagic® 3D,MicroPort EverPace,Electrophysiology,Ablation catheters,3D RF ablation catheter,3D RF ablation catheter integrated with Columbus system to reduce X-ray exposure,The FireMagic 3D is a cardiac RF ablation catheter integrated with the Columbus mapping system through advanced sensors. It offers excellent maneuverability and reduces X-ray exposure during ablation procedures.,Integration with Columbus 3D system via advanced sensors | Excellent maneuverability | Reduced X-ray exposure | Standard and strong-support types,Treatment of cardiac arrhythmias via RF ablation with 3D guidance,,Standard type: EPN7AT1–EPN7JT2; Strong-support type: EPN8BT1–EPN8JT2 (representative ranges),,,cleared,,NMPA 20173010682.,firemagic-3d.jpg
firemagic-cool-3d,FireMagic® Cool 3D,MicroPort EverPace,Electrophysiology,Ablation catheters,3D irrigated RF ablation catheter,Six-hole irrigated 3D ablation catheter for stable power and enhanced safety,The FireMagic Cool 3D is a 3D irrigated RF ablation catheter featuring 6 infusion holes that ensure stable power delivery and ablation safety. It integrates with the Columbus 3D mapping system for guided ablation.,6 infusion holes for stable power delivery | 3D positioning capability | Enhanced ablation safety | Multiple tip and curve configurations,Cardiac RF ablation with 3D guidance and active irrigation,,Models: EPN8BTC | EPN8DTC | EPN8FTC | EPN8JTC,,cleared,cleared,,"NMPA 20163011040. CE G1 081711 0025 Rev.00, G7 081711 0026 Rev.00. TGA 333751.",firemagic-cool-3d.jpg
firemagic-super-cool-3d,FireMagic® Super Cool 3D,MicroPort EverPace,Electrophysiology,Ablation catheters,3D super-irrigated RF ablation catheter,Advanced 3D irrigated catheter that cuts saline load by 50% and reduces thrombus risk,"The FireMagic Super Cool 3D precisely locates the catheter tip, evenly cools the ablation electrode, improves power output, reduces thrombus formation, and cuts saline load by 50% compared to standard irrigated catheters.",50% reduction in saline load | Even electrode cooling | Reduced thrombus formation | Improved power output | Precise tip localization,Cardiac RF ablation with advanced irrigation and 3D guidance,,Models: EPN8BTM | EPN8DTM | EPN8FTM | EPN8JTM,,,cleared,,NMPA 20163011040.,firemagic-super-cool-3d.jpg
firemagic-precisense,FireMagic® PreciSense®,MicroPort EverPace,Electrophysiology,Ablation catheters,3D microelectrode RF ablation catheter,Microelectrode ablation catheter with real-time tissue temperature monitoring,"The FireMagic PreciSense is a 3D microelectrode ablation catheter featuring an innovative microelectrode design that enables real-time tissue temperature monitoring, mitigating ablation risks and ensuring procedural safety.",Microelectrode design for real-time temperature monitoring | Mitigates ablation risks | Enhances procedural safety | 3D positioning,Cardiac RF ablation with real-time tissue temperature feedback,,Models: EPV8BTOC | EPV8DTOC | EPV8FTOC | EPV8JTOC | EPV8BTOM | EPV8DTOM | EPV8FTOM | EPV8JTOM,,,cleared,,NMPA 20223011571.,firemagic-precisense.jpg
easypaddle,EasyPaddle™,MicroPort EverPace,Electrophysiology,EP mapping & diagnostics,3D high density mapping catheter,High density 3D mapping catheter under development for advanced cardiac mapping,EasyPaddle is a 3D high density mapping catheter indicated for 3D cardiac mapping. It is currently under development with estimated NMPA approval in December 2025.,High density 3D mapping | Indicated for 3D cardiac mapping,3D cardiac mapping,,,,,in progress,,NMPA estimated approval Dec. 2025 (under development).,easypaddle.jpg
icemagic-cryosphere,IceMagic® CryoSphere,MicroPort EverPace,Electrophysiology,Ablation catheters,Cryoablation catheter,Customized cryoablation catheter for efficient treatment of refractory atrial fibrillation,"The IceMagic CryoSphere is a cryoablation catheter offering customized cryoablation options for efficient treatment of refractory atrial fibrillation, with strong safety and adaptability across patient anatomies.",Customized cryoablation options | Strong safety profile | Adaptable for refractory AF | Compatible accessories for varied anatomy,Cryoablation treatment of refractory atrial fibrillation,Patients with refractory atrial fibrillation,Accessories: EPAS125 | EPAT185 | EPAU250; Models: EPAM230 | EPAM280 | EPAM231 | EPAM281 | EPBM280 | EPBN280,,,cleared,,NMPA 20233011225.,icemagic-cryosphere.jpg
icemagic-cryosage,IceMagic® CryoSage,MicroPort EverPace,Electrophysiology,EP generators & accessories,Cryoablation console,Cryoablation console for safe and effective atrial fibrillation therapy,"The IceMagic CryoSage is a cryoablation console that works with balloon catheters to deliver safe and effective treatment for refractory atrial fibrillation, designed to set new standards in paroxysmal AF therapy.",Works with balloon catheters | Safe and effective AF treatment | Targets paroxysmal atrial fibrillation,Cryoablation treatment of refractory and paroxysmal atrial fibrillation,Patients with refractory or paroxysmal atrial fibrillation,Model: EPAQ-CRYO-1A,,,cleared,,NMPA 20233011226.,icemagic-cryosage.jpg
icemagic-easyloop-mapping,IceMagic® EasyLoop® Mapping Catheter,MicroPort EverPace,Electrophysiology,EP mapping & diagnostics,Cryo mapping catheter,High-specificity mapping catheter designed for atrial fibrillation electrophysiology exams,"The IceMagic EasyLoop Mapping Catheter is designed for high specificity in atrial fibrillation electrophysiology examinations, enhancing treatment effectiveness when used in conjunction with cryoablation procedures.",High specificity for AF signal detection | Enhances treatment effectiveness | Two loop sizes available,Atrial fibrillation electrophysiology mapping during cryoablation procedures,Patients with atrial fibrillation undergoing cryoablation,Models: EPQM3Q15 | EPQM3Q20,,,cleared,,NMPA 20213070003.,icemagic-easyloop-mapping.jpg
pathbuilder-atriguide-pro-advance,PathBuilder® AtriGuide Pro (Advance Steerable),MicroPort EverPace,Electrophysiology,Sheaths & guiding catheters,Advance steerable guiding introducer,Reinforced steerable introducer for precise guidance in complex cardiac ablation,The PathBuilder AtriGuide Pro Advance Steerable Introducer provides reinforced materials for precise guidance in complex cardiac ablation procedures. It features steerable capability for navigating challenging cardiac anatomy.,Reinforced materials for complex anatomy | Steerable design for precise guidance | Multiple curve configurations,Guidance access during complex cardiac RF ablation procedures,,Models: SIM6512 | SIS6512 | SIN6512 | SIP6512,,,cleared,,NMPA 20203030936.,pathbuilder-atriguide-pro-advance.jpg
pathbuilder-transseptal-guiding-introducer,PathBuilder™ Transseptal Guiding Introducer,MicroPort EverPace,Electrophysiology,Sheaths & guiding catheters,Transseptal guiding introducer,High-strength transseptal introducer with multiple curve options for reliable access,The PathBuilder Transseptal Guiding Introducer provides high-strength support and multiple curve options to ensure reliability and precision during transseptal cardiac procedures.,High-strength construction | Multiple curve configurations | Broad international clearance,Transseptal vascular access during cardiac catheterization and ablation procedures,,Models: TNM7118E | TNL7118E | TNM9818E | TNL8918E | TNM8918E | TNL9818E (representative),cleared,cleared,,,"CE G1 081711 0027 Rev.00, G7 081711 0028 Rev.00. FDA K212626. TGA 383746.",pathbuilder-transseptal-guiding-introducer.jpg
pathbuilder-atriguide,PathBuilder® AtriGuide,MicroPort EverPace,Electrophysiology,Sheaths & guiding catheters,Braided guiding introducer,Braided guiding sheath for safe vascular access during atrial septal puncture,"The PathBuilder AtriGuide is a braided guiding introducer specialized for cardiac procedures, ensuring safe and accurate vascular access during atrial septal puncture. Multiple model specifications are available.",Braided construction for enhanced support | Safe and accurate vascular access | Multiple model specifications,Guiding access during atrial septal puncture in cardiac EP procedures,,Multiple model specifications,,,cleared,,NMPA 20223031488.,pathbuilder-atriguide.jpg
pathbuilder-septcross,PathBuilder® SeptCross,MicroPort EverPace,Electrophysiology,Sheaths & guiding catheters,Transseptal needle,Metal-weave transseptal needle for precise puncture and guiding performance,"The PathBuilder SeptCross transseptal needle utilizes metal weaving technology to enhance support, offering precise puncture performance and reliable guiding during transseptal cardiac procedures.",Metal weaving technology for enhanced support | Precise puncture performance | Broad international clearance,Transseptal puncture during cardiac electrophysiology and ablation procedures,,Models: TSL0638 | TSL1638 | TSL2638 | TSL3638 | TSL0818 | TSL1818 | TSL3818 (representative),cleared,cleared,cleared,,"NMPA 20173031365. CE G1 081711 0027 Rev.00, G7 081711 0028 Rev.00. FDA K212625. TGA 383747.",pathbuilder-septcross.jpg
pathbuilder-atriguide-pro-steerable,PathBuilder® AtriGuide Pro (Steerable),MicroPort EverPace,Electrophysiology,Sheaths & guiding catheters,Steerable guiding introducer set,Steerable guiding sheath set for safe and precise cardiac RF ablation access,The PathBuilder AtriGuide Pro Steerable Introducer is an innovative guiding sheath set that improves the safety and efficacy of cardiac RF ablation through precise guidance.,Steerable design for precise guidance | Improves safety of cardiac RF ablation | Multiple size options,"Guiding access during cardiac RF ablation procedures, including transseptal approach",,Models: SIS7185 | SIM7185 | SIL7185 | SIS6185 | SIM6185,cleared,cleared,cleared,,"NMPA 20193030116. CE G1 081711 0027 Rev.00, G7 081711 0028 Rev.00. FDA K211530. TGA 383410.",pathbuilder-atriguide-pro-steerable.jpg
pathbuilder-guideview,PathBuilder® GuideView,MicroPort EverPace,Electrophysiology,Sheaths & guiding catheters,3D steerable guiding introducer,3D steerable introducer visible with the Columbus mapping system for precise cardiac access,"The PathBuilder GuideView is a 3D steerable introducer designed for introducing cardiovascular catheters into the heart, including left-sided access via the atrial septum. The sheath curve is visible when used with the Columbus 3D Cardiac Electrophysiology Mapping System.",3D visibility with Columbus mapping system | Steerable curve for precise cardiac access | Left atrial access via atrial septum | Multiple size configurations,Cardiovascular catheter introduction including transseptal left atrial access,,Models: ESIS7385 | ESIM7385 | ESIL7385,,,cleared,,NMPA 20243070595.,pathbuilder-guideview.jpg
pathbuilder-cupit,PathBuilder® Cupit,MicroPort EverPace,Electrophysiology,Sheaths & guiding catheters,RF transseptal needle,RF transseptal needle under development for cardiac ablation access,"The PathBuilder Cupit is an RF transseptal needle under development, with estimated CE approval in March 2024. It is designed for transseptal puncture access in cardiac ablation procedures.",RF transseptal puncture capability,Transseptal puncture access during cardiac ablation,,,,in progress,,,CE estimated approval Mar. 2024 (under development).,pathbuilder-cupit.jpg
pathbuilder-steerable-introducer,PathBuilder® Steerable Introducer,MicroPort EverPace,Electrophysiology,Sheaths & guiding catheters,RF transseptal steerable introducer,Steerable introducer for left atrial access and RF transseptal puncture,"The PathBuilder Steerable Introducer enables access to the left atrium through a transseptal puncture guiding catheter during RF ablation for tachyarrhythmia. When used with a cardiac RF ablation device, it supports RF transseptal puncture.",Left atrial access via transseptal approach | Supports RF transseptal puncture | Compatible with cardiac RF ablation devices,Transseptal access to the left atrium during RF ablation for tachyarrhythmia; RF transseptal puncture when used with a cardiac RF ablation device,,Models: TAL7118 | TAM7118,,,cleared,,NMPA 20253010199.,pathbuilder-steerable-introducer.jpg
genesis-rmn,Genesis RMN™,MicroPort EverPace,Electrophysiology,EP mapping & diagnostics,Magnetic navigation system,Magnetic navigation system for complex cardiac arrhythmia treatment,The Genesis RMN is a magnetic navigation system indicated for the treatment of complex cardiac arrhythmias.,Magnetic-guided navigation for complex arrhythmias,Treatment of complex cardiac arrhythmias,Patients with complex cardiac arrhythmias,,,,cleared,,NMPA 20243010626.,genesis-rmn.jpg
magbot-firemagic,Magbot™ FireMagic® RF Ablation Catheter,MicroPort EverPace,Electrophysiology,Ablation catheters,Magnetically guided RF ablation catheter,Magnetically guided RF ablation catheter for complex cardiac arrhythmias,"The Magbot FireMagic RF Ablation Catheter is designed for use with the Genesis RMN magnetic navigation system, indicated for the treatment of complex cardiac arrhythmias.",Magnetically guided by Genesis RMN system | Designed for complex arrhythmia ablation | Two model configurations,RF ablation treatment of complex cardiac arrhythmias,Patients with complex cardiac arrhythmias,Models: EPMN8MIM | EPMN8MIS,,,cleared,,NMPA 20243012471.,magbot-firemagic.jpg
la-fenice,La Fenice®,MicroPort Lifesciences,Endocrinology,Infusion pumps & consumables,Continuous subcutaneous insulin infusion pump,Portable continuous insulin infusion device optimized for Chinese dietary patterns,La Fenice® is a portable continuous insulin infusion pump optimized for Chinese dietary patterns and suitable for patients with frequent glucose fluctuations.,Optimized for Chinese dietary patterns | Designed for patients with frequent glucose fluctuations,Continuous insulin infusion for patients with frequent glucose fluctuations,Patients with frequent blood glucose fluctuations requiring continuous insulin delivery,Models: A | E,,,cleared,,NMPA 20193140776,la-fenice.jpg
la-fenice-pro,La Fenice® Pro,MicroPort Lifesciences,Endocrinology,Infusion pumps & consumables,Continuous subcutaneous insulin infusion pump,Mobile-phone-connected continuous insulin infusion pump for active management,"La Fenice® Pro is a continuous insulin infusion pump that supports mobile phone management, optimized for Chinese dietary patterns.",Mobile phone management capability | Optimized for Chinese dietary patterns | Designed for frequent blood sugar fluctuation,Continuous insulin infusion for patients with frequent blood sugar fluctuations,Patients with frequent blood sugar fluctuations requiring continuous insulin delivery with remote monitoring,Models: V | I,,,cleared,,NMPA 20233141366,la-fenice-pro.jpg
safeport-res,SafePort™ RES,MicroPort Lifesciences,Endocrinology,Infusion pumps & consumables,Disposable insulin pump reservoir,Dedicated disposable drug compartment for insulin pump use,"SafePort™ RES is a disposable reservoir designed specifically for insulin pumps, used for storing and infusing insulin.",Dedicated insulin storage compartment | Disposable single-use design | Compatible with insulin pump systems,Storage and infusion of insulin in conjunction with an insulin pump,Patients using continuous subcutaneous insulin infusion therapy,Model: ST-BC,,,cleared,,NMPA 20173140268,safeport-res.jpg
safeport-inf,SafePort™ INF,MicroPort Lifesciences,Endocrinology,Infusion pumps & consumables,Disposable infusion set for insulin pump,"Dedicated disposable tubing, patch, and needle for insulin pump delivery","SafePort™ INF is a disposable infusion set comprising dedicated tubing, patch, and needle for use with insulin pumps to administer insulin.","Complete set includes tubing, patch, and needle | Multiple model configurations | Disposable single-use design",Administration of insulin via compatible insulin pump,Patients using continuous subcutaneous insulin infusion therapy,Models: ST-BS-V-600 | ST-BS-V-800 | ST-BS-V-1000 | ST-BS-V-1200 | ST-BS-NV-600 | ST-BS-NV-800 | ST-BS-NV-1000 | ST-BS-NV-1200,,,cleared,,NMPA 20173140501,safeport-inf.jpg
la-fenice-neolife,La Fenice®NeoLife™,MicroPort Lifesciences,Endocrinology,Infusion pumps & consumables,Hypothalamic hormone pulse infusion pump,Portable pulse infusion device for treating endocrine infertility,La Fenice®NeoLife™ is a portable hypothalamic or pituitary hormone pulse infusion device intended for treating endocrine infertility.,Portable design | Hypothalamic and pituitary hormone delivery | Pulse infusion mode,Treatment of endocrine infertility via hypothalamic or pituitary hormone pulse infusion,Patients with endocrine infertility requiring hormone pulse therapy,Model: LF-S-1,,,cleared,,NMPA 20172140554,la-fenice-neolife.jpg
la-fenice-prolife,La Fenice®ProLife™,MicroPort Lifesciences,Endocrinology,Infusion pumps & consumables,Hypothalamic hormone pulse infusion pump,Bluetooth-connected portable hormone pulse infusion pump,La Fenice®ProLife™ is a portable hypothalamic or pituitary hormone pulse infusion device that supports wireless management via Bluetooth.,Wireless Bluetooth management | Portable design | Hypothalamic and pituitary hormone delivery | Pulse infusion mode,Treatment of endocrine infertility via hypothalamic or pituitary hormone pulse infusion; supports wireless (Bluetooth) management,Patients with endocrine infertility requiring hormone pulse therapy with wireless monitoring,Model: LF-SII,,,cleared,,NMPA 20232140088,la-fenice-prolife.jpg
la-paloma-autoex,La Paloma™ Autoex,MicroPort Lifesciences,Infusion & Vascular Access,Infusion pumps & consumables,Portable chemotherapy infusion pump,Dual-bag chemotherapy pump with automatic flushing to minimize drug residual,La Paloma™ Autoex is a portable chemotherapy infusion pump featuring a dual-bag design that enables automatic flushing to reduce residual drug and limit patient exposure risks.,Dual-bag design | Automatic flushing mechanism | Reduces drug residual and exposure risk | Portable form factor,Portable chemotherapy drug infusion,Oncology patients requiring ambulatory chemotherapy infusion,Type: F1,,,cleared,,NMPA 20223140366,la-paloma-autoex.jpg
paloma-blanca-pca,Paloma Blanca™ Autoex PCA Pump,MicroPort Lifesciences,Infusion & Vascular Access,Infusion pumps & consumables,Patient-controlled analgesic infusion pump,Portable PCA pump with large display and six-fold security checks,"Paloma Blanca™ Autoex PCA Pump is a portable patient-controlled analgesic infusion pump with a large screen display, simple setup, and dual CPU plus six-fold security check for analgesia safety.",Large screen display | Simple setup | Dual CPU architecture | Six-fold security check | Patient-controlled analgesia,Patient-controlled analgesic infusion,"Patients requiring controlled analgesic delivery, managed in endocrinology and metabolism departments",Type: P1,,,cleared,,NMPA 20233140705,paloma-blanca-pca.jpg
paloma-blanca-infusion-set,Paloma Blanca™ Disposable Infusion Set for PCA Pump,MicroPort Lifesciences,Infusion & Vascular Access,Infusion pumps & consumables,Disposable PCA pump infusion set,Dedicated disposable infusion kit for patient-controlled analgesic pump,Paloma Blanca™ Disposable Infusion Set for PCA Pump is a dedicated disposable portable patient-controlled analgesic infusion kit designed for use with compatible PCA pumps.,Dedicated PCA pump compatibility | Disposable single-use design,Delivery of analgesic agents via patient-controlled analgesic pump,Patients using patient-controlled analgesic infusion therapy,,,,cleared,,NMPA 20223141653,
basilica,Basilica™ PICC,MicroPort Lifesciences,Infusion & Vascular Access,Diagnostic & delivery catheters,Peripherally inserted central catheter,Power-injectable PICC with proximal valve to reduce clamp dependency,"Basilica™ PICC is a polyurethane peripherally inserted central catheter designed to reduce the risk of venous infectious or thrombotic complications. It is power injectable and supports contrast media injection for CECT scans at up to 5 mL/sec. A proximal valve controls fluid flow, eliminating routine external clamping.",Power injectable up to 5 mL/sec for CECT contrast | Proximal valve eliminates routine external clamping | Polyurethane construction | Reduces venous infectious and thrombotic complication risk | Multiple accessory configurations,Central venous access for infusion therapy and power injection of contrast media for CECT,Patients requiring central venous access for infusion therapy or contrast imaging (CECT),4Fr Catheter (S012040101) | 4Fr Catheter + Basic Accessories (S012040102) | 4Fr Catheter + Complete Accessories (S012040103),,,cleared,,NMPA 20243031043,basilica.jpg
softport,SoftPort,MicroPort Lifesciences,Endocrinology,Infusion pumps & consumables,Disposable subcutaneous infusion set,Soft-cannula disposable infusion set for compatible insulin pumps,SoftPort is a disposable subcutaneous infusion set with a soft cannula designed for use with compatible insulin pumps and disposable insulin pump reservoirs for subcutaneous insulin infusion. It is under development with NMPA approval estimated for December 2025.,Soft cannula design | Compatible with insulin pumps and disposable reservoirs | Designed for subcutaneous infusion,Subcutaneous insulin infusion via compatible insulin pump systems,Patients using continuous subcutaneous insulin infusion therapy,,,,in progress,,Estimated NMPA approval December 2025 (under development),softport.jpg
evolution-mpx-total-knee-system,Evolution® MPX™ Total Knee System,MicroPort Orthopedics,Orthopedics,Knee systems,Total knee prosthesis,"Next-generation internal-rotating total knee system with PS, CR, and CS options","A domestically manufactured, next-generation total knee system based on the Evolution platform. Offers Posterior Stabilized (PS), Cruciate Retaining (CR), and Internal Rotating (CS) configurations. Includes femoral condyle, tibial insert, tibial support, and patella components.","Three bearing configurations: PS, CR, CS | Based on Evolution internal-rotating platform | Domestically manufactured",Total knee arthroplasty,,Femoral Condyle | Tibial Insert | Tibial Support | Patella,,,cleared,,NMPA 20223130337,evolution-mpx-total-knee-system.jpg
advance-mpx-total-knee-system,Advance® MPX™ Total Knee System,MicroPort Orthopedics,Orthopedics,Knee systems,Total knee prosthesis,Domestic internal-rotating CS total knee prosthesis,"A domestically manufactured Internal Rotating (CS) total knee prosthesis. Includes femoral condyle, tibial insert, tibial support, and patella components.",Internal Rotating (CS) design | Domestically manufactured | Full component set including patella,Total knee arthroplasty,,Femoral Condyle | Tibial Insert | Tibial Support | Patella,,,cleared,,NMPA 20193130200,advance-mpx-total-knee-system.jpg
advance-mpx-posterior-stabilized-total-knee-system,Advance® MPX™ Posterior Stabilized Total Knee System,MicroPort Orthopedics,Orthopedics,Knee systems,Total knee prosthesis,Domestic posterior stabilized total knee prosthesis,"A domestically manufactured Posterior Stabilized (PS) total knee prosthesis. Includes femoral condyle, tibial insert, tibial support, and patella components.",Posterior Stabilized (PS) design | Domestically manufactured,Total knee arthroplasty,,Femoral Condyle | Tibial Insert | Tibial Support | Patella,,,cleared,,NMPA 20193130012,advance-mpx-posterior-stabilized-total-knee-system.jpg
evolution-total-knee-system,Evolution® Total Knee System,MicroPort Orthopedics,Orthopedics,Knee systems,Total knee prosthesis,World's first internal-rotating knee prosthesis with 25-year clinical track record,"The world's first internal-rotating knee prosthesis, recognized by global orthopedic authority OEDP7A. Backed by over 25 years of clinical data demonstrating a 98.8% prosthesis retention rate at 17 years and a 95% patient satisfaction rate.",World's first internal-rotating knee design | 98.8% retention rate at 17 years | 95% patient satisfaction rate | 25+ years of clinical data,Total knee arthroplasty,,Femoral Condyle | Tibial Insert | Tibial Support | Patella,,,cleared,,NMPA 20153131976,evolution-total-knee-system.jpg
evolution-mpx-zirconium-niobium-alloy-femoral-condyles,Evolution® MPX™ Zirconium-niobium Alloy Femoral Condyles,MicroPort Orthopedics,Orthopedics,Knee systems,Femoral condyle implant,Black crystal femoral condyle combining metal hardness with ceramic wear resistance,"Zirconium-niobium alloy femoral condyles for use with the Evolution MPX system. Combines the hardness of metal with the wear resistance of ceramic, offered in PS, CS, and CR configurations.","Zirconium-niobium alloy construction | Metal hardness with ceramic wear resistance | Available in PS, CS, and CR types","Total knee arthroplasty, as femoral condyle component",,PS | CS | CR,,,cleared,,NMPA 20243130045,evolution-mpx-zirconium-niobium-alloy-femoral-condyles.jpg
unicorn-unicondylar-knee,UniCorn™ Fixed-bearing Unicondylar Knee,MicroPort Orthopedics,Orthopedics,Knee systems,Unicondylar knee prosthesis,Anatomical unicompartmental knee system designed to preserve more bone,"A fixed-bearing unicondylar knee system designed for unicompartmental knee replacement. Anatomical design preserves more bone compared to total knee alternatives. Includes femoral condyle, tibial insert, and tibial support components.",Fixed-bearing design | Anatomical geometry for bone preservation | Unicompartmental indication,Unicompartmental knee replacement,,Femoral Condyle | Tibial Insert | Tibial Support,,,cleared,,NMPA 20233130764,unicorn-unicondylar-knee.jpg
evolution-cck-revision-knee-system,Evolution® CCK Revision Knee System,MicroPort Orthopedics,Orthopedics,Knee systems,Revision knee prosthesis,Constrained condylar revision knee system addressing bone deficiency and ligament instability,A constrained condylar revision knee system offering intraoperative flexibility to address individualized anatomical needs. Resolves bone deficiency and ligament instability while maintaining the kinematic advantages of the internal-rotating design. Available for the US market.,Intraoperative flexibility for individualized anatomy | Addresses bone deficiency and ligament instability | Retains internal-rotating kinematic advantages,Revision total knee arthroplasty,,Stemmed Femur | Tibial Insert | Stemmed Tibia,,,cleared,,NMPA 20243130010,evolution-cck-revision-knee-system.jpg
revision-knee-system-us,Revision Knee System (US),MicroPort Orthopedics,Orthopedics,Knee systems,Revision knee prosthesis,Comprehensive modular revision knee system for complex revision cases,"A modular revision knee system indicated for skeletally mature patients with noninflammatory or inflammatory degenerative joint disease, functional deformity correction, or prior implant failure. Offers an extensive range of augments, stem extensions, and tibial options. NMPA approval estimated December 2025.","Modular augment and stem extension options | Femoral and tibial eccentric and straight stem adapters | Multiple tibial insert thicknesses | Intramedullary fill stem extensions | Applicable to osteoarthritis, rheumatoid arthritis, and avascular necrosis","Revision total knee arthroplasty in skeletally mature patients with degenerative joint disease, inflammatory arthritis, functional deformity, or failed prior devices",Skeletally mature patients,"Femoral Condyle: Type 1-8 | Tibial Insert: 10|12|14|17|20|22|24 mm | Femoral Augments: 4|8|12 mm | Tibial Augments: 5|10|15 mm | Total Stem Extensions: 10×75 to 18×75 mm (plus 17×25, 17×50) | Intramedullary Fill Stem Extensions: 10-18×100, 10-24×100, 19-24×150 mm | Tibial Tray: Sizes 1-8",,,in progress,,NMPA estimated Dec. 2025 (under development),revision-knee-system-us.jpg
profemur-double-tapered-femoral-stem,Profemur® Femoral Stem System — Double Tapered,MicroPort Orthopedics,Orthopedics,Hip systems,Femoral stem implant,Dual-conical wedge femoral stem for improved bone ingrowth,A dual-conical wedge femoral stem designed to promote bone ingrowth in primary total hip arthroplasty. Available in sizes SZ 10-18.,Dual-conical wedge geometry | Designed for bone ingrowth,Primary total hip arthroplasty,,SZ: 10-18,,,cleared,,NMPA 20153460451,profemur-double-tapered-femoral-stem.jpg
profemur-bone-preserving-femoral-stem,Profemur® Femoral Stem System — Bone-Preserving,MicroPort Orthopedics,Orthopedics,Hip systems,Femoral stem implant,Triple-conical wedge stem preserving proximal bone stock,A triple-conical wedge femoral stem with a bone-preserving design for primary total hip arthroplasty. Available in Extended Offset and Proximal Standard configurations.,Triple-conical wedge geometry | Bone-preserving design | Extended Offset and Proximal Standard options,Primary total hip arthroplasty,,Extended Offset Type Stem | Proximal Standard Type Stem,,,cleared,,NMPA 20223130021,profemur-bone-preserving-femoral-stem.jpg
neofemur-femoral-stem-system-z,Neofemur™ Femoral Stem System (Profemur® Z localization),MicroPort Orthopedics,Orthopedics,Hip systems,Femoral stem implant,Four-point fixation femoral stem optimizing rotational stability,A femoral stem offering four-point fixation to optimize rotational stability in primary total hip arthroplasty. Localized from the Profemur Z design. Available in Standard and Extended types.,Four-point fixation design | Optimized rotational stability,Primary total hip arthroplasty,,Standard Type | Extended Type,,,cleared,,NMPA 20183130552,neofemur-femoral-stem-system-z.jpg
neofemur-femoral-stem-system-tl,Neofemur™ Femoral Stem System (Profemur® TL localization) and Metal Femoral Head,MicroPort Orthopedics,Orthopedics,Hip systems,Femoral stem implant,Dual-conical wedge stem with metal femoral head for enhanced bone ingrowth,"A dual-conical wedge femoral stem localized from the Profemur TL, designed for enhanced bone ingrowth. Paired with a metal femoral head option. Available in Standard and Extended configurations.",Dual-conical wedge geometry | Enhanced bone ingrowth | Includes metal femoral head option,Primary total hip arthroplasty,,Metal Femoral Head | Standard Type Stem | Extended Type Stem,,,cleared,,NMPA 20193130233,neofemur-femoral-stem-system-tl.jpg
ceramic-liner,Ceramic Liner,MicroPort Orthopedics,Orthopedics,Hip systems,Acetabular liner,Tapered-locking ceramic liner for superior fatigue resistance and wear durability,"A ceramic acetabular liner with tapered locking details providing superior fatigue resistance and wear durability. Available in 28, 32, and 36mm sizes.",Tapered locking design | Superior fatigue resistance | High wear durability,Total hip arthroplasty,,Sizes: 28mm | 32mm | 36mm,,,cleared,,NMPA 20153461966,ceramic-liner.jpg
ceramic-femoral-head,Ceramic Femoral Head,MicroPort Orthopedics,Orthopedics,Hip systems,Femoral head implant,High wear resistance ceramic femoral head with long lifespan,"A ceramic femoral head offering high wear resistance and long lifespan for total hip arthroplasty. Available in 28, 32, 36, and 40mm sizes.",High wear resistance | Long lifespan,Total hip arthroplasty,,Sizes: 28mm | 32mm | 36mm | 40mm,,,cleared,,NMPA 20153131977,ceramic-femoral-head.jpg
metal-femoral-head,Metal Femoral Head,MicroPort Orthopedics,Orthopedics,Hip systems,Femoral head implant,High wear resistance and hardness metal femoral head,"A metal femoral head providing high wear resistance and hardness for total hip arthroplasty. Available in 22.25, 28, 32, and 36mm sizes.",High wear resistance | High hardness,Total hip arthroplasty,,Sizes: 22.25mm | 28mm | 32mm | 36mm,,,cleared,,NMPA 20153131657,metal-femoral-head.jpg
acetabular-screws-155,Acetabular Screws,MicroPort Orthopedics,Orthopedics,Hip systems,Acetabular fixation hardware,Screws used to secure the acetabular cup during hip arthroplasty,Acetabular screws designed to secure the acetabular cup during total hip arthroplasty.,Designed to secure acetabular cup,Total hip arthroplasty,,Screws,,,cleared,,NMPA 20163464240,acetabular-screws-155.jpg
neocotyl-plasma-500-acetabular-system,Neocotyl™ Acetabular System — Supra-hemispherical Plasma 500,MicroPort Orthopedics,Orthopedics,Hip systems,Acetabular cup system,Supra-hemispherical multi-liner acetabular system with anti-rotational petal design,"A supra-hemispherical Plasma 500 acetabular system featuring an anti-rotational petal design and multi-liner acetabular cup with optional plug compatibility, providing broader clinical choices.",Anti-rotational petal design | Multi-liner cup options | Plug compatibility (selectable),Cementless total hip arthroplasty,,Acetabular Cup | Acetabular Liner | Plug (selectable),,,cleared,,NMPA 20213131053,neocotyl-plasma-500-acetabular-system.jpg
neocotyl-plasma-300-acetabular-system,Neocotyl™ Acetabular System — Hemispherical Plasma 300,MicroPort Orthopedics,Orthopedics,Hip systems,Acetabular cup system,Hemispherical acetabular system with optimized head-cup ratio and classic HXLPE liner,"A hemispherical Plasma 300 acetabular system with an optimized head-cup ratio, featuring a classic high-cross-linked polyethylene liner.",Hemispherical design | Optimized head-cup ratio | High-cross-linked polyethylene liner,Cementless total hip arthroplasty,,Acetabular Cup | Acetabular Liner,,,cleared,,NMPA 20223131253,neocotyl-plasma-300-acetabular-system.jpg
procotyl-acetabular-system,Procotyl® Acetabular System,MicroPort Orthopedics,Orthopedics,Hip systems,Acetabular cup system,Supra-hemispherical titanium bead-sintered acetabular system with multi-liner design,A supra-hemispherical titanium bead-sintered acetabular cup system featuring a multi-liner design and excellent head-neck ratio for higher mobility. Paired with the Profemur Bone-Preserving stem; the stem has superior tri-conical geometry and plasma-sprayed titanium coating for stable implantation.,Supra-hemispherical titanium bead-sintered cup | Multi-liner design | Excellent head-neck ratio for higher mobility,Cementless total hip arthroplasty,,Cup | Extended Offset Type Stem | Proximal Standard Type Stem,,,cleared,,NMPA 20223130021,procotyl-acetabular-system.jpg
neocotyl-titanium-bead-sintered-acetabular-system,Neocotyl™ Acetabular System — Supra-hemispherical Titanium Bead-Sintered,MicroPort Orthopedics,Orthopedics,Hip systems,Acetabular cup system,Titanium bead-sintered acetabular system compatible with ceramic and metal heads,"A supra-hemispherical titanium bead-sintered acetabular cup with a 14-degree distal chamfer for improved edge fit and increased initial stability. Compatible with fourth-generation ceramic and metal heads, paired with low-wear A-Class highly cross-linked polyethylene liners. Offered as a complete system with the NeoFemur tri-conical wedge stem.",Titanium bead-sintered coating | 14-degree distal chamfer for improved edge fit | Compatible with 4th-generation ceramic and metal heads | A-Class highly cross-linked polyethylene liner | NeoFemur tri-conical wedge stem included,Cementless total hip arthroplasty,,Cup | Ceramic Head | Standard Type Stem | Extended Type Stem,,,cleared,,NMPA 20203130131,neocotyl-titanium-bead-sintered-acetabular-system.jpg
neocotyl-ceramic-acetabular-liners,Neocotyl™ Acetabular System — Ceramic Acetabular Liners,MicroPort Orthopedics,Orthopedics,Hip systems,Acetabular liner,Powdered ceramic liner with excellent wear resistance for hip arthroplasty,"A powdered ceramic acetabular liner offering excellent wear resistance, part of the Neocotyl acetabular system.",Powdered ceramic construction | Excellent wear resistance,Total hip arthroplasty,,Liner,,,cleared,,NMPA 20233130552,neocotyl-ceramic-acetabular-liners.jpg
acetabular-screws-159,Acetabular Screws (Neocotyl system),MicroPort Orthopedics,Orthopedics,Hip systems,Acetabular fixation hardware,Acetabular screws that enhance cup fixation in hip arthroplasty,"Acetabular screws designed to enhance acetabular cup fixation, part of the Neocotyl system.",Enhances acetabular cup fixation,Total hip arthroplasty,,Screws,,,cleared,,NMPA 20193130066,acetabular-screws-159.jpg
neocotyl-zirconium-niobium-alloy-femoral-head,Neocotyl™ Acetabular System — Zirconium-Niobium Alloy Femoral Head,MicroPort Orthopedics,Orthopedics,Hip systems,Femoral head implant,Black crystal femoral head combining metal hardness with ceramic wear resistance,"A zirconium-niobium alloy femoral head combining metal hardness with ceramic wear resistance, part of the Neocotyl acetabular system.",Zirconium-niobium alloy | Metal hardness combined with ceramic wear resistance,Total hip arthroplasty,,Metal Femoral Head sizes as per system,,,cleared,,NMPA 20233130813,neocotyl-zirconium-niobium-alloy-femoral-head.jpg
neocotyl-acetabular-system-under-development,Neocotyl™ Acetabular System (Full System — Under Development),MicroPort Orthopedics,Orthopedics,Hip systems,Acetabular cup system,Comprehensive cementless acetabular system with multiple liner and head options,"A comprehensive cementless total hip acetabular system indicated for relief of pain and improved hip function in skeletally mature patients. Offers PP/NE/GL/CR stem types, multiple acetabular cup sizes, liner materials including HXLPE/vitamin E/ceramic, and 28-36mm metal and ceramic femoral heads. NMPA approval estimated May 2025.",Four stem types: PP/NE/GL/CR | Acetabular cup: 42-72mm in five groups with hole options | Three liner types: HXLPE/vitamin E/ceramic | Femoral head: 28mm/32mm/36mm metal and ceramic | Compatible with apex plugs and acetabular screws,Cementless total hip arthroplasty for pain reduction and/or improved hip function in skeletally mature patients,Skeletally mature patients,Cup: 42-72mm (A/C/E/F/G) | Liner: 42-70mm | Femoral Head: 28mm/32mm/36mm,,,in progress,,NMPA estimated May 2025 (under development),neocotyl-acetabular-system-under-development.jpg
procotyl-bipolar-system,Procotyl® Acetabular System — Bipolar,MicroPort Orthopedics,Orthopedics,Hip systems,Bipolar hip prosthesis,Integrated acetabular cup and liner bipolar design eliminating preoperative assembly,A bipolar partial hip prosthesis with an integrated acetabular cup and liner design that eliminates the need for preoperative assembly. Available in the US market.,Integrated cup-and-liner design | No preoperative assembly required,Partial hip arthroplasty,,Cup | Liner,,,cleared,,NMPA 20173462018,procotyl-bipolar-system.jpg
neocotyl-bipolar-system,Neocotyl™ Acetabular System — Bipolar,MicroPort Orthopedics,Orthopedics,Hip systems,Bipolar hip prosthesis,Bipolar hip system with integrated locking ring design reducing intraoperative assembly time,A bipolar partial hip prosthesis featuring an integrated simple locking ring design that eliminates the need for additional tools and reduces intraoperative assembly time.,Integrated simple locking ring design | No additional tools required | Reduced intraoperative assembly time,Partial hip arthroplasty,,Cup | Liner,,,cleared,,NMPA 20203130968,neocotyl-bipolar-system.jpg
aspiration-shoulder-system,Aspiration® Shoulder System,MicroPort Orthopedics,Orthopedics,Shoulder systems,Total and reverse shoulder prosthesis,Comprehensive shoulder system supporting total and reverse configurations,"A comprehensive shoulder system supporting both total shoulder and reverse shoulder arthroplasty configurations. Indicated for noninflammatory and inflammatory degenerative joint disease, prosthetics after failed prior treatments, functional deformity correction, proximal humeral fractures, and rotator cuff tear arthropathy. NMPA approval estimated June 2025.",Supports total and reverse shoulder configurations | Extensive humeral stem and tray size options | Multiple glenosphere and glenoid component choices | Fracture and revision taper adapter options,"Noninflammatory degenerative joint disease (osteoarthritis, ischemic necrosis), rheumatoid arthritis, revision after failed prostheses, functional deformity correction, proximal humeral fractures, rotator cuff tear arthropathy",,"Humeral Stem: XS/S/M/L/XL, Fracture/Revision | Taper Adapter: Standard/Mini | Glenosphere (total): S/φ38-58mm (4mm increments) | Glenoid: Pegged/Keeled/Cortilock, S/M/L | Humeral Tray (reverse): 36/40/44mm, offset Std/+5mm/+10mm | Glenosphere (reverse): 33/36/39/42mm | Baseplate: Std 28mm/Mini 25mm",,,in progress,,NMPA estimated June 2025 (under development),aspiration-shoulder-system.jpg
bone-conduit-class-ii,Bone Conduit (Class II MD),MicroPort Orthopedics,Orthopedics,Orthopedic instruments & accessories,Orthopedic surgical instrument,Class II surgical instrument helping surgeons accurately locate and guide skeletal surgery,"A Class II medical device consisting of a sleeve, bone traction pin, and bone drill to help surgeons accurately locate and guide skeletal surgery procedures.","Includes sleeve, bone traction pin, and bone drill | Aids accurate surgical localization",Skeletal surgery guidance,,Cannula | Extractor | Bone Drill,,,cleared,,NMPA 20222041192,bone-conduit-class-ii.jpg
bone-conduit-class-i,Ortho Plus™ Joint Surgical Instruments — Bone Conduit (Class I MD),MicroPort Orthopedics,Orthopedics,Orthopedic instruments & accessories,Orthopedic surgical instrument,Class I surgical instrument assisting accurate localization and guidance in skeletal surgery,"A Class I medical device consisting of a sleeve, extractor, and bone drill to assist surgeons in accurately locating and guiding skeletal surgery.","Includes sleeve, extractor, and bone drill | Class I device | Aids accurate surgical localization",Skeletal surgery guidance,,Cannula | Extractor | Bone Drill,,,cleared,,NMPA 20211133 | 20211134 | 20211135,bone-conduit-class-i.jpg
single-use-sterile-bone-saws,Single-use Sterile Bone Saws,MicroPort Orthopedics,Orthopedics,Orthopedic instruments & accessories,Bone saw,Single-use sterile bone saw for bone cutting in orthopedic procedures,"A single-use, sterilized bone saw for cutting bones in orthopedic surgical procedures.",Single-use design | Pre-sterilized,Bone cutting in orthopedic surgery,,Bone Saws,,,cleared,,NMPA 20232041599,single-use-sterile-bone-saws.jpg
prophecy-preoperative-planning-software,Prophecy™ Preoperative Planning Software,MicroPort Orthopedics,Orthopedics,Orthopedic instruments & accessories,Surgical planning software,CT-based software for preoperative knee joint surgical planning,Software that processes and displays CT medical images of the knee joint to support preoperative surgical planning.,Processes CT knee images | Supports preoperative planning,Preoperative planning for knee joint surgery,,,,,cleared,,NMPA 20222212056,prophecy-preoperative-planning-software.jpg
bicera-artificial-synthetic-bone,Bicera® Artificial Synthetic Bone,MicroPort Orthopedics,Orthopedics,Orthopedic instruments & accessories,Synthetic bone substitute,Synthetic bone filler for non-weight-bearing bone defects in orthopedic surgery,A synthetic bone substitute designed for filling non-weight-bearing bone defects in orthopedic surgeries. Available in block (BC-B) and granule (BC-G) configurations across multiple size options.,Designed for non-weight-bearing bone defect filling | Available in block and granule forms,Filling non-weight-bearing bone defects in orthopedic surgeries,,BC-B01 to BC-B08 | BC-G01 to BC-G23,,,cleared,,NMPA 20163130069,bicera-artificial-synthetic-bone.jpg
fast-trek-active-spine-probe,Fast Trek® Active Spine Probe,MicroPort Orthopedics,Orthopedics,Spine systems,Spinal puncture needle,Disposable radiation-free puncture needle with alert function for spinal procedures,"A disposable, radiation-free puncture needle with an alert function for use in spinal surgical procedures. Available in YZ and FZ type configurations.",Disposable design | Radiation-free | Alert function,Spinal surgery puncture guidance,,YZ Type | FZ Type,,,cleared,,NMPA 20222042245,fast-trek-active-spine-probe.jpg
mountever-thoracolumbar-fixation-type-iii,Mountever® Thoracolumbar Posterior Internal Fixation System (Type III),MicroPort Orthopedics,Orthopedics,Spine systems,Spinal posterior fixation system,Spinal posterior fixation system with polyaxial screws and cross-connection devices,"A thoracolumbar posterior internal fixation system (Type III) offering a range of components including connecting rods, cross-connection devices, locking nuts, U-shaped fixation and breakaway screws, and polyaxial and restoration polyaxial screws.",Polyaxial and restoration polyaxial screws | U-shaped fixation and breakaway screws | Cross-connection device | Locking nuts,Thoracolumbar posterior fixation,,Connecting Rod | Cross-Connection Device | Locking Nuts | U-Shaped Fixation Screws | U-Shaped Breakaway Screws | Polyaxial Screws | Restoration Polyaxial Screws,,,cleared,,NMPA 20163130608,mountever-thoracolumbar-fixation-type-iii.jpg
mountever-thoracolumbar-fixation,Mountever® Thoracolumbar Posterior Internal Fixation System,MicroPort Orthopedics,Orthopedics,Spine systems,Spinal posterior fixation system,Versatile thoracolumbar posterior fixation system with multi-use screw options,"A versatile thoracolumbar posterior internal fixation system suitable for all thoracolumbar posterior fixation procedures. Features multi-use screws including directional, polyaxial, and restoration variants, along with push-in and adjustable cross-connection devices.","Multi-use screw types (directional, polyaxial, restoration) | Push-in and adjustable cross-connection options | Self-breaking locking nuts | Suitable for all thoracolumbar posterior fixation procedures",Thoracolumbar posterior fixation,,Connecting Rod | Directional Screws | Restoration Directional Screws | Polyaxial Screws | Restoration Polyaxial Screws | Locking Nuts | Self-breaking Locking Nuts | Push-In Cross-Connection | Adjustable Cross-Connection,,,cleared,,NMPA 20163130058,mountever-thoracolumbar-fixation.jpg
mountever-thoracolumbar-interbody-fusion-cage,Mountever® Thoracolumbar Interbody Fusion Cage,MicroPort Orthopedics,Orthopedics,Spine systems,Spinal interbody fusion device,Injectable PEEK material interbody fusion cage for thoracolumbar procedures,An injectable PEEK material interbody fusion cage for thoracolumbar procedures. Available in sterile and non-sterile configurations.,Injectable PEEK material | Sterile and non-sterile options,Thoracolumbar interbody fusion,,Sterile | Non-Sterile,,,cleared,,NMPA 20173130767,mountever-thoracolumbar-interbody-fusion-cage.jpg
arbores-percutaneous-vertebroplasty-system,Arbores® Percutaneous Vertebroplasty System,MicroPort Orthopedics,Orthopedics,Spine systems,Spinal kyphoplasty system,Secure and reliable system for vertebroplasty and kyphoplasty procedures,"A percutaneous vertebroplasty system offering a secure and reliable approach to vertebroplasty procedures. Includes a puncture needle, vertebroplasty guide system, bone cement filler, bone drill, bone guide wire, and expansion system.",Complete vertebroplasty instrument set | Includes expansion system for kyphoplasty,Vertebroplasty; spinal kyphoplasty,,Percutaneous Puncture Needle | Vertebroplasty Guide System | Bone Cement Filler | Bone Drill | Bone Guide Wire | Expansion System,,,cleared,,NMPA 20182100718,arbores-percutaneous-vertebroplasty-system.jpg
renewal-straight-metal-bone-splints,Renewal™ Straight Metal Bone Splints,MicroPort Orthopedics,Orthopedics,Trauma & fixation,Bone fracture fixation plate,Perforated straight bone plates in multiple shapes for fracture fixation,"Perforated bone fracture fixation devices available in strip, Y, L, and T shapes for diverse fixation applications. Includes extremity compression plates, restriction compression plates, reconstruction plates, and 1/3 tube type plates.","Multiple plate shapes (strip, Y, L, T) | Extremity compression, restriction compression, reconstruction, and 1/3 tube variants",Bone fracture fixation,,Extremity Compression Plates | Restriction Compression Plates | Reconstruction Plates | 1/3 Tube Type Plates,,,cleared,,NMPA 20173131281,renewal-straight-metal-bone-splints.jpg
renewal-anatomical-metal-splints,Renewal™ Anatomical Metal Splints,MicroPort Orthopedics,Orthopedics,Trauma & fixation,Bone fracture fixation plate,Anatomical perforated bone plates for joint and pelvic fracture fixation,"Perforated anatomical bone fracture fixation devices available in multiple shapes for joint and pelvic applications. Includes joint plates for limbs, bone cadre plates, clavicle plates, and pelvis plates.","Anatomical design | Joint, clavicle, and pelvis plate variants",Bone fracture fixation,,Joint Plates for Limbs | Bone Cadre Plates | Clavicle Plates | Pelvis Plates,,,cleared,,NMPA 20153131203,renewal-anatomical-metal-splints.jpg
renewal-metal-splice-screws,Renewal™ Metal Splice Screws,MicroPort Orthopedics,Orthopedics,Trauma & fixation,Bone fixation screws,Stable internal fixation screws for fracture or bone fusion surgery,Metal splice screws providing stable internal fixation support in fracture or bone fusion surgeries.,Stable internal fixation | For fracture and bone fusion applications,Fracture fixation; bone fusion,,Screws,,,cleared,,NMPA 20153131309,renewal-metal-splice-screws.jpg
renewal-metal-bone-needles,Renewal™ Metal Bone Needles,MicroPort Orthopedics,Orthopedics,Trauma & fixation,Bone pin/needle,Metal bone pins for traction or internal fixation in fracture and orthopedic surgery,"Metal bone needles used for traction or internal fixation during fracture reduction or orthopedic surgeries. Available as smooth, breakable, threaded, and sterile configurations.","Four pin configurations: smooth, breakable, threaded, sterile | Supports traction and internal fixation",Traction or internal fixation in fracture reduction or orthopedic surgery,,Smooth Metal Bone Pins | Breakable Metal Bone Pins | Threaded Metal Bone Pins | Sterile Metal Bone Pins,,,cleared,,NMPA 20163131788,renewal-metal-bone-needles.jpg
renewal-hollow-screws,Renewal™ Hollow Screws,MicroPort Orthopedics,Orthopedics,Trauma & fixation,Bone fixation screws,Hollow compression screws applying compression to promote fracture healing,"Hollow compression screws providing stable internal fixation for fractures or bone fusion, applying compression to fracture fragments to promote healing. Available as standard hollow and double-headed hollow compression types.",Hollow compression design | Double-headed compression option | Promotes fracture healing through compression,Fracture fixation; bone fusion,,Hollow Compression Screws | Double-headed Hollow Compression Screws,,,cleared,,NMPA 20153131158,renewal-hollow-screws.jpg
renewal-non-locking-metal-hollow-bone-screws,Renewal™ Non-Locking Metal Hollow Bone Screws,MicroPort Orthopedics,Orthopedics,Trauma & fixation,Bone fixation screws,Non-locking hollow bone screws for stable fracture and bone fusion fixation,"Non-locking metal hollow bone screws providing stable internal fixation for fractures or bone fusion surgeries. Available in hollow compression, double-headed hollow compression, and headless hollow compression types, with lining option.","Multiple screw types: hollow compression, double-headed, headless | Lining option available",Fracture fixation; bone fusion,,Hollow Compression Screws | Double-Headed Hollow Compression Screws | Headless Hollow Compression Screws | Lining,,,cleared,,NMPA 20213130634,renewal-non-locking-metal-hollow-bone-screws.jpg
renewal-metal-cables,Renewal™ Metal Cables,MicroPort Orthopedics,Orthopedics,Trauma & fixation,Bone fixation wire/cable,Metal wire and cable providing strength and support for internal fixation systems,"Metal wire and cable providing strength and support, typically used in internal fixation systems. Includes wire passer, wire ligature pliers, wire cutter, applicator, and bone guide pin.",Includes full set of application instruments | Wire and cable strength for internal fixation,Internal fixation support,,Wire Passer | Wire Ligature Pliers | Wire Cutter | Applicator | Bone Guide Pin,,,cleared,,NMPA 20173131426,renewal-metal-cables.jpg
renewal-locking-compression-plate-system,Renewal™ Locking Compression Plate System,MicroPort Orthopedics,Orthopedics,Trauma & fixation,Locking plate system,Locking steel plate system for treating closed bone fractures,"A locking steel plate system for treating closed bone fractures, featuring locking screws and plates. Covers extremity joints, clavicle, foot and ankle, HTO, and metacarpal/phalangeal applications.",Locking screw and plate system | Broad anatomical coverage | Shallow and deep thread screw options,Closed bone fracture fixation,,Extremity Joint and Diaphyseal Plates | Clavicle Plates | Foot and Ankle Plates | HTO Plates | Metacarpal and Phalangeal Locking Plates | Locking Compression Plates | Shallow Thread Screws | Deep Thread Screws,,,cleared,,NMPA 20173130782,renewal-locking-compression-plate-system.jpg
renewal-interlocking-intramedullary-nail-system,Renewal™ Interlocking Intramedullary Nail System,MicroPort Orthopedics,Orthopedics,Trauma & fixation,Intramedullary nail system,Intramedullary nail system for proximal femoral and femoral shaft fractures,"An intramedullary nail system designed for treating proximal femoral fractures or combined femoral shaft fractures, particularly suited for elderly osteoporotic patients. Includes PFNA, tibial, femoral reconstruction, femoral inverse, and Gamma nail types.",Five nail types covering femoral and tibial indications | Designed for osteoporotic bone | Suitable for proximal femoral and combined shaft fractures,Proximal femoral fractures; combined femoral shaft fractures,Elderly osteoporotic patients,PFNA Interlocking Intramedullary Nail | Tibial Interlocking Intramedullary Nail | Femoral Reconstruction Interlocking Intramedullary Nail | Femoral Inverse Interlocking Intramedullary Nail | Gamma Interlocking Intramedullary Nail,,,cleared,,NMPA 20183130521,renewal-interlocking-intramedullary-nail-system.jpg
renewal-external-fixation-system,Renewal™ External Fixation System,MicroPort Orthopedics,Orthopedics,Trauma & fixation,External fixation system,External fixation system for open fractures and limb lengthening,A device for stabilizing bones by inserting multiple steel pins into the skeleton and applying an external frame. Indicated for open fractures and limb lengthening procedures. Available as Combination Type I.,External frame stabilization | Supports open fractures and limb lengthening,Open fractures; limb lengthening,,Combination Type I,,,cleared,,NMPA 20152041067,renewal-external-fixation-system.jpg
profemur-gladiator-triple-tapered-femoral-stem,Profemur® Femoral Stem System — Triple Tapered (Gladiator®),MicroPort Orthopedics,Orthopedics,Hip systems,Femoral stem implant,Triple tapered wedge femoral stem for primary hip replacement,The Profemur Gladiator Hip Stem is a triple tapered wedge stem with a distinct geometry designed for primary hip replacement surgery.,Triple tapered wedge geometry | Designed for primary hip replacement | Cleared across multiple regulatory jurisdictions,Primary total hip arthroplasty,,Models: PRGLCE1-10 | PGHCCLS1-10 | PRGCCMS4/6/8/12 | PRGCCME4/6/8/12 | PRGLDC04/06/08/012,cleared,cleared,,cleared,"FDA K110399, K200007, K201519, K111910. CE 023-00-00-MDR. TGA ARTG 240573, ARTG 247578. PMDA 30400BZX00036000, 30100BZX00207000",profemur-gladiator-triple-tapered-femoral-stem.jpg
profemur-tl-double-tapered-femoral-stem,Profemur® Femoral Stem System — Double Tapered (TL),MicroPort Orthopedics,Orthopedics,Hip systems,Femoral stem implant,Dual tapered wedge femoral stem for primary hip replacement,The Profemur TL Hip Stem is a dual tapered wedge stem with a unique geometry designed for primary hip replacement surgery.,Dual tapered wedge geometry | Designed for primary hip replacement,Primary total hip arthroplasty,,Models: PRTLSL21-32 | PRTLWL21-32 | PRTLS021-32 | PRTLE021-32,cleared,,,cleared,"FDA K123688, K140676. PMDA 22800BZX00205000",profemur-tl-double-tapered-femoral-stem.jpg
profemur-preserve-bone-preserving-femoral-stem,Profemur® Femoral Stem System — Bone-Preserving (Preserve),MicroPort Orthopedics,Orthopedics,Hip systems,Femoral stem implant,Short bone-preserving femoral stem keeping more natural bone in place,The Profemur Preserve Hip Stem features a shorter design that allows more of the patient's natural bone to remain in place during primary hip replacement.,Shorter stem design | Maximizes preservation of natural bone stock,Primary total hip arthroplasty,,Models: PPRCLS01-12 | PPRCLE01-12,cleared,cleared,,cleared,FDA K150302. CE 609831. PMDA 23000BZX00052000,profemur-preserve-bone-preserving-femoral-stem.jpg
profemur-z-femoral-stem,Profemur® Z Hip Stem,MicroPort Orthopedics,Orthopedics,Hip systems,Rectangular femoral stem,Square-peg-in-a-round-hole geometry for improved canal fit,The Profemur® Z Hip Stem is designed on the premise that advantages arise from placing a square peg in a round hole. It is a rectangular femoral stem intended for primary hip replacement.,Rectangular cross-section for rotational stability,Primary total hip arthroplasty,,Model: EPAJ-PAH-1A,cleared,cleared,,cleared,"FDA K021346, K123434. CE MDR 753497. PMDA 22700BZX00373000.",profemur-z-femoral-stem.jpg
profemur-l-hip-stem,Profemur® L Hip Stem,MicroPort Orthopedics,Orthopedics,Hip systems,Tapered wedge femoral stem,Reduced lateral shoulder for tissue-sparing hip replacement,"The Profemur® L is a tapered wedge stem with a reduced lateral shoulder, designed to be convenient for tissue-sparing surgical techniques in primary hip arthroplasty.",Tapered wedge geometry | Reduced lateral shoulder | Tissue-sparing design,Primary total hip arthroplasty,,Sizes 1-11,,cleared,,,CE 609022. TGA ARTG 218787.,profemur-l-hip-stem.jpg
profemur-renaissance-femoral-stem,Profemur® Renaissance® Hip Stem,MicroPort Orthopedics,Orthopedics,Hip systems,Canal-filling femoral stem,Canal-filling geometry to maximize stem-to-bone contact,"The Profemur® Renaissance® Hip Stem features a unique canal-filling design to maximize contact between the hip stem and the bone, intended for primary hip replacement.",Canal-filling geometry | Available in reduced flare and standard flare | Wide size range,Primary total hip arthroplasty,,Sizes 10-16 (reduced flare); Sizes 10-18 (standard flare),cleared,,,,"FDA K130984, K141235.",profemur-renaissance-femoral-stem.jpg
profemur-xm-femoral-stem,Profemur® XM® Hip Stem,MicroPort Orthopedics,Orthopedics,Hip systems,Dual taper cemented femoral stem,Dual taper geometry for cement engagement and rotational stability,The Profemur® XM Hip Stem features dual taper geometry to promote cement engagement and enhance rotational stability in total hip arthroplasty.,Dual taper geometry | Enhanced rotational stability | Promotes cement engagement,Total hip arthroplasty (cemented),,Standard: sizes 00-4; Extended: sizes 0-4,,cleared,,,CE 586-00-00-DM.,profemur-xm-femoral-stem.jpg
perfecta-femoral-stem,Perfecta® Hip Stem,MicroPort Orthopedics,Orthopedics,Hip systems,Tri/Planar Wedge femoral stem,Anatomic proximal fit with tri-planar wedge geometry,"The Perfecta® Hip Stem is a Tri/Planar Wedge design for primary hip replacement surgery, providing a wedge-shaped cross-section in the sagittal, coronal, and transverse planes for anatomic proximal fit.",Tri/Planar Wedge design | Wedge cross-section in three planes | Anatomic proximal fit,Primary total hip arthroplasty,,Sizes 9-18,cleared,,,,"FDA K964218, K972641, K991123, K004032.",perfecta-femoral-stem.jpg
nexus-femoral-stem,Nexus® Hip Stem,MicroPort Orthopedics,Orthopedics,Hip systems,Tapered three-plane femoral stem,Three-plane taper for short- and long-term stem stability,The Nexus® Hip Stem is designed for primary hip replacement surgery and is tapered in three separate planes to aid in both short- and long-term stability of the stem.,Taper in three planes | Standard and high offset options | Collared and collarless versions,Primary total hip arthroplasty,,Sizes 0-12; Standard and high offset; Collared and collarless,cleared,,,,FDA Clearance 10/2024.,nexus-femoral-stem.jpg
profemur-r-revision-femoral-stem,Profemur® R Revision Femoral Stem,MicroPort Orthopedics,Orthopedics,Hip systems,Fully modular revision femoral stem,Fully modular design to promote fit and fill in revision hip surgery,The Profemur® R is a fully modular revision femoral stem system designed to promote fit and fill in complex revision total hip arthroplasty cases.,Fully modular construction | Promotes fit and fill | Multiple body and stem options,Revision total hip arthroplasty,,Models: PPW39102-12 | PPW38354-65 | PPW00140-48 | PPW38370-80 | PPW38000-52,cleared,cleared,,cleared,"FDA K012091, K003016. CE 609029. PMDA 21800BZY10239000.",profemur-r-revision-femoral-stem.jpg
profemur-z-revision-femoral-stem,Profemur® Z Revision Femoral Stem,MicroPort Orthopedics,Orthopedics,Hip systems,Extended length revision femoral stem,Additional length for distal fixation in revision hip cases,The Profemur® Z Revision Stem is designed with additional length to promote distal fixation in revision total hip arthroplasty cases.,Extended length for distal fixation | Designed for complex revision cases,Revision total hip arthroplasty,,Sizes 3-11,cleared,cleared,,,"FDA K021346, K121221. CE MDR 753497.",profemur-z-revision-femoral-stem.jpg
prime-acetabular-cup-system,Prime Acetabular Cup System,MicroPort Orthopedics,Orthopedics,Hip systems,Cementless acetabular cup system,Next-generation evolution of the Dynasty acetabular cup platform,"The Prime Acetabular Cup System is the next step in the evolution of the successful Dynasty® Acetabular Cup System, offering a cementless press-fit design with multiple liner size options.",Multiple liner diameter options (22-44mm) | Cementless press-fit design | Wide shell size range,Total hip arthroplasty,,Shell Sizes: 46-68mm (2mm increments); Liner Diameters: 22mm | 28mm | 32mm | 36mm | 40mm | 44mm,cleared,,,cleared,"FDA K170444, K202705, K201157, K180798, K171181, K181598. PMDA 23000BZX00016000, 23000BZX00058000.",prime-acetabular-cup-system.jpg
dynasty-acetabular-system,Dynasty® Acetabular System,MicroPort Orthopedics,Orthopedics,Hip systems,Cementless acetabular cup system,Press-fit acetabular system with highly cross-linked poly and dual mobility option,The Dynasty® Acetabular System combines a cementless press-fit design with A-Class® highly cross-linked polyethylene and offers a Dual Mobility version for additional stability.,Cementless press-fit design | A-Class® cross-linked polyethylene | Dual Mobility version available,Total hip arthroplasty,,Sizes 22mm-76mm,cleared,,,cleared,"FDA K061547, K070785, K140043, K122382, K072656, K140043, K173776, K200011. PMDA 22200BZX00972000, 30500BZX0019900, 22200BZX00649000.",dynasty-acetabular-system.jpg
procotyl-l-acetabular-cup-system,Procotyl® L Acetabular Cup System,MicroPort Orthopedics,Orthopedics,Hip systems,Cementless acetabular cup system,Design features integrated for long-term acetabular survivorship,The Procotyl® L Acetabular Cup System incorporates multiple design features to address long-term survivorship in total hip arthroplasty.,Long-term survivorship design | Wide size range | Cementless fixation,Total hip arthroplasty,,Sizes 42mm to 68mm in 2mm increments,cleared,,,,FDA K142119. TGA ARTG 285236.,procotyl-l-acetabular-cup-system.jpg
procotyl-p-acetabular-system,Procotyl® P Acetabular System,MicroPort Orthopedics,Orthopedics,Hip systems,Next-generation press-fit acetabular cup system,Global next-generation press-fit cup with Dual Mobility construct,"The Procotyl® P Acetabular System is the next-generation press-fit cup design offering multiple bearings and shell options, including MicroPort Orthopedics' first contemporary Dual Mobility construct.","Contemporary Dual Mobility construct | Multiple shell options (with/without holes, HA and CaP coatings) | Additive manufacturing option for CaP coating | Plasma spray option for HA coating",Total hip arthroplasty,,Sizes 42-70mm in 2mm increments; with and without 3-holes; HA coating (plasma spray) and CaP coating (additive manufacturing) options,,cleared,,,"CE 464-00-00-DM, 464-00-01-DM, 034-00-00MDR. TGA ARTG 391803, 391804, 391805.",procotyl-p-acetabular-system.jpg
procotyl-c-acetabular-cup,Procotyl® C Acetabular Cup,MicroPort Orthopedics,Orthopedics,Hip systems,Cemented acetabular cup,Cemented acetabular cup with A-Class cross-linked polyethylene,"The Procotyl® C cup is a cemented acetabular cup with A-CLASS® cross-linked polyethylene, supporting the cemented treatment of the acetabulum in total hip arthroplasty.",Cemented fixation design | A-CLASS® cross-linked polyethylene | Multiple sizes,Total hip arthroplasty (cemented),,Sizes 42 to 64mm in 2mm increments,,cleared,,cleared,CE 612711. PMDA 22500BZX00131000.,procotyl-c-acetabular-cup.jpg
procotyl-stainless-steel-bipolar,Procotyl® Stainless Steel Bipolar,MicroPort Orthopedics,Orthopedics,Hip systems,Bipolar acetabular cup,Stainless steel bipolar cup with standard polyethylene bearing,"The Procotyl® Stainless Steel Bipolar cup features a standard polyethylene bearing surface and a preassembled UHMWPE locking ring, with the added benefit of not being manufactured from CoCr material.",Non-CoCr stainless steel construction | Standard polyethylene bearing | Preassembled UHMWPE locking ring,Hip arthroplasty (bipolar),,Sizes 0-60mm in 1mm increments,,cleared,,,CE 609033.,procotyl-stainless-steel-bipolar.jpg
gladiator-bipolar,Gladiator® Bipolar,MicroPort Orthopedics,Orthopedics,Hip systems,Bipolar acetabular cup,Bipolar design with cross-linked polyethylene and enhanced locking detail,The Gladiator® System is a bipolar design featuring a cross-linked polyethylene bearing surface with an enhanced lock detail for additional strength.,Cross-linked polyethylene bearing | Enhanced lock detail for strength | Bipolar design,Hip arthroplasty (bipolar),,Sizes 36MM-59MM,cleared,,,cleared,FDA K062693. PMDA 22200BZX00620000.,gladiator-bipolar.jpg
evolution-medial-pivot-knee-system,Evolution® Medial-Pivot Knee System,MicroPort Orthopedics,Orthopedics,Knee systems,Cemented total knee system,"Flexion stability, anatomic motion, and wear-limiting design in one knee system","The Evolution® Medial-Pivot Knee System delivers flexion stability, anatomic motion, and a wear-limiting design for total knee arthroplasty.",Medial-pivot kinematics | Flexion stability | Wear-limiting design | Wide size range,Total knee arthroplasty,,Sizes 1-8+; Tibial inserts 10-24mm,cleared,cleared,,cleared,"FDA K093552, K102380, K140735, K152298. CE 609829, 614793, 609033. TGA ARTG 225086, 234318, 234319, 290173. PMDA 22400BZX00317000, 22400BZX00319000, 22800BZX00340000, 22800BZX0037200.",evolution-medial-pivot-knee-system.jpg
evolution-nitrx-knee-system,Evolution® NitrX™ Knee System,MicroPort Orthopedics,Orthopedics,Knee systems,Coated total knee system,Medial-pivot kinematics with Titanium Niobium Nitride coating,The Evolution® NitrX™ Knee System promotes natural kinematics with the added benefit of a Titanium Niobium Nitride (TiNbN) coating on the femoral component.,Medial-pivot kinematics | Titanium Niobium Nitride coating | Natural kinematic motion,Total knee arthroplasty,,Sizes 1-8+; Tibial inserts 10-24mm,cleared,cleared,,cleared,FDA K182251. CE G7 102640 0002. PMDA 30500BZX00291000.,evolution-nitrx-knee-system.jpg
evolution-biofoam-knee-system,Evolution® BioFoam® Knee System,MicroPort Orthopedics,Orthopedics,Knee systems,Cementless total knee system,Next-generation cementless fixation with BioFoam Cancellous Titanium,The Evolution® Knee System with BioFoam® Cancellous Titanium represents the next generation in cementless fixation for total knee arthroplasty.,BioFoam® Cancellous Titanium cementless fixation | Medial-pivot kinematics | Next-generation fixation technology,Total knee arthroplasty (cementless),,Sizes 2+-8,cleared,cleared,,cleared,FDA K152298. CE G70 102640 0003. PMDA 22800BZX0037200.,evolution-biofoam-knee-system.jpg
evolution-cck-knee-system,Evolution® CCK Knee System,MicroPort Orthopedics,Orthopedics,Knee systems,Constrained revision knee system,Only constrained revision knee system with medial-pivot kinematics,"The Evolution® CCK is the only constrained revision knee system that maintains the kinematic benefits of a medial-pivot design, providing surgeons with a constrained option for complex revision cases.",Constrained revision design | Medial-pivot kinematics preserved | Broad global regulatory clearance,Revision total knee arthroplasty (constrained),,Sizes 3-8; Tibial inserts 10-24mm,cleared,cleared,,cleared,"FDA K142550, K162026, K171389. CE 656477, 664552, 609033. TGA ARTG 196520, 196521, 247558, 317407, 317408, 317613. PMDA 22900BZX00144000, 23000BZX00078000.",evolution-cck-knee-system.jpg
evolution-stemmed-cs-system,Evolution® Stemmed CS System,MicroPort Orthopedics,Orthopedics,Knee systems,Stemmed condylar-stabilizing knee system,Intraoperative flexibility for all patient needs with medial-pivot design,The Evolution® Stemmed CS Medial-Pivot Knee System provides surgeons intraoperative flexibility to address all patient needs in total and revision knee arthroplasty.,Medial-pivot design | Stemmed configuration | Intraoperative flexibility,Total or revision knee arthroplasty,,Sizes 1-8,cleared,cleared,,cleared,FDA K182125. CE 705459. TGA ARTG 392216. PMDA 30200BZX0019000.,evolution-stemmed-cs-system.jpg
evolution-revision-tibia-knee-system,Evolution® Revision Tibia Knee System,MicroPort Orthopedics,Orthopedics,Knee systems,Revision tibial knee system,Intraoperative flexibility to address individual anatomy in revision knee surgery,The Evolution® Revision Tibia Knee System is designed to offer surgeons intraoperative flexibility to meet individual anatomic patient needs in revision total knee arthroplasty.,Revision tibial system | Intraoperative flexibility | Broad size range,Revision total knee arthroplasty,,Sizes 1-8+,cleared,cleared,,cleared,"FDA K162026, K171389. CE G70 102640 0005, 609033, 656477. TGA ARTG 196520, 196521, 247558, 317407. PMDA 22900BZX0014400, 23000BZX0007800.",evolution-revision-tibia-knee-system.jpg
evolution-adaptive-stemmed-femur,Evolution® Adaptive Stemmed Femur,MicroPort Orthopedics,Orthopedics,Knee systems,Adaptive revision femoral component,Accepts Advance stems with Evolution femoral articulation,"The Evolution® Adaptive Stemmed Femur is designed to accept all Advance® stems while providing the femoral articulation of the Evolution® femur, bridging two platform systems in revision knee arthroplasty.",Compatible with all Advance® stems | Evolution® femoral articulation | Bridges Evolution and Advance platforms,Revision total knee arthroplasty,,Sizes 3-7,cleared,,,,FDA K142550.,evolution-adaptive-stemmed-femur.jpg
evolution-hinge-knee-system,Evolution® Hinge Knee System,MicroPort Orthopedics,Orthopedics,Knee systems,Rotating hinge revision knee system,Rotating hinge with medial-pivot kinematics for complex revision TKA,"The Evolution® Hinge Knee System is the newest addition to the Evolution® Revision Knee family, featuring a rotating platform design with optimized patellar tracking and medial-pivot kinematics for complex revision total knee arthroplasty scenarios.",Rotating platform design | Optimized patellar tracking | Medial-pivot kinematics | Designed for seamless transition from revision to hinge,Complex revision total knee arthroplasty,,Femur: 7 sizes (2-8),cleared,,,,FDA K230563.,evolution-hinge-knee-system.jpg
evolution-tibial-cones,Evolution® Tibial Cones,MicroPort Orthopedics,Orthopedics,Knee systems,Metaphyseal tibial cone,OsteoSync Ti cones for biologic fixation in metaphyseal bone loss,The Evolution® Tibial Cones address metaphyseal bone loss challenges in revision knee surgery. They use OsteoSync™ Ti material for biologic fixation and implant stability.,OsteoSync™ Ti material for biologic fixation | Addresses metaphyseal bone loss | Six size options,Revision total knee arthroplasty with metaphyseal bone loss,,Sizes 1-6,cleared,,,,"FDA K233507, K231947.",evolution-tibial-cones.jpg
unicorn-unicondylar-knee-2,UniCorn™ Unicondylar Knee,MicroPort Orthopedics,Orthopedics,Knee systems,Unicondylar knee system,Single-compartment resurfacing that preserves native anatomy,The UniCorn™ Unicondylar Knee System is designed to restore normal joint function by preserving native anatomy and replacing only the damaged surfaces of one compartment of the knee joint.,Single-compartment resurfacing | Preserves native anatomy | Nine femoral sizes and seven tibial base sizes,Single-compartment knee arthroplasty,,"Femur: 9 sizes (1-9); Tibial Base: 7 sizes (A-G) with plus sizes CD, DE, EF; Tibial Insert: 7 sizes (A-G)",in progress,in progress,in progress,in progress,Certifications expected in 2025.,unicorn-unicondylar-knee-2.jpg
advance-medial-pivot-knee-system,Advance® Medial-Pivot Knee System,MicroPort Orthopedics,Orthopedics,Knee systems,Total knee system,Reproduces rotational and translational kinematics of the normal knee,The Advance® Medial-Pivot Knee System is designed to reproduce the rotational and translational kinematics of the normal knee in total knee arthroplasty.,Medial-pivot design | Normal knee kinematic reproduction | Wide regulatory clearance,Total knee arthroplasty,,Sizes 1-6; Tibial inserts 10-25mm,cleared,,,cleared,"FDA K033890, K061223, K063128, K063731, K960617, K972626, K972770, K973524. PMDA 20900BZG00012000, 21000BZG00055000, 22200BZX00829000.",advance-medial-pivot-knee-system.jpg
advance-revision-knee-system,Advance® Revision Knee System,MicroPort Orthopedics,Orthopedics,Knee systems,Revision total knee system,Replicates normal knee kinematics with greater stability than posterior-stabilized designs,The Advance® Revision Knee System replicates normal knee kinematics and provides greater stability than standard posterior stabilized knees in revision total knee arthroplasty.,Normal knee kinematic replication | Greater stability than posterior-stabilized designs | Medial-pivot principle,Revision total knee arthroplasty,,Sizes 1-5; Tibial inserts 10-35mm,cleared,,,cleared,"FDA K061223, K930228, K960617, K972626, K973524, K990030. PMDA 21000BZG00055000, 22200BZX00829000.",advance-revision-knee-system.jpg
prophecy-navigation-guides,Prophecy® Navigation Guides,MicroPort Orthopedics,Orthopedics,Orthopedic instruments & accessories,Patient-specific surgical guides,Patient-specific guides for optimal alignment and implant longevity,"Prophecy® Navigation Guides are designed to fit precisely to each patient for optimal alignment, implant function, and longevity in knee arthroplasty.",Patient-specific fit | Optimal alignment | Supports implant function and longevity,Total knee arthroplasty guidance,Patient-specific,"Sizes 1-8+, patient-specific",cleared,,,cleared,"FDA K103598, K093405. CE Custom-made. TGA ARTG 430931. PMDA 22500BZX00446000.",prophecy-navigation-guides.jpg
prophecy-gap-balancing-system,Prophecy® Gap Balancing System,MicroPort Orthopedics,Orthopedics,Orthopedic instruments & accessories,Patient-specific gap balancing system,Simulates prosthesis position and ligament correction via single tibial resection,"The Prophecy® Gap Balancing System simulates the final prosthesis position and alignment with ligament correction via a single tibial resection, supporting more predictable knee arthroplasty outcomes.",Single tibial resection technique | Simulates final prosthesis position | Ligament correction guidance | Patient-specific,Total knee arthroplasty,Patient-specific,"Sizes 1-8+, patient-specific",,,,cleared,EU: Custom-made. TGA ARTG 430931. PMDA 22500BZX00446000.,prophecy-gap-balancing-system.jpg
megaloop-suspension-system,Megaloop® Suspension System,MicroPort Endophix,Orthopedics,Sports medicine & soft-tissue,Suspension fixation system,Versatile suspension system for ligament reconstruction and joint fixation,"The Megaloop® Suspension System is a versatile solution for orthopedic reconstruction and fixation, used extensively for ACL/PCL reconstruction, acromioclavicular joint stabilization, carpal joint fixation, midfoot and interphalangeal dislocations, and ankle syndesmosis separation.",Adjustable and fixed configurations | Multiple joint indications | ACL/PCL and AC joint applications,"ACL/PCL reconstruction, acromioclavicular joint dislocation stabilization, carpal joint fixation, midfoot and interphalangeal joint dislocations, tarsometatarsal joint dislocations, ankle syndesmosis separation",,Adjustable Megaloop® Suspension System; Fixed Megaloop® Fixation System,,,cleared,,NMPA 20233130575.,megaloop-suspension-system.jpg
toolphix-luna-meniscus-repair-instrument,Toolphix™ Luna Meniscus Repair Instrument,MicroPort Endophix,Orthopedics,Sports medicine & soft-tissue,Meniscus repair instrument,Meniscus debridement instrument set for arthroscopic surgery,"The Toolphix™ Luna Meniscus Repair Instrument is designed for meniscus debridement, comprising a meniscus shaver and ligament scissors.",Meniscus shaver | Ligament scissors | Purpose-built for meniscus debridement,Meniscus debridement,,Meniscus Shaver | Ligament scissors,,,cleared,,NMPA 20231127.,toolphix-luna-meniscus-repair-instrument.jpg
syntheface-twist-peek-interference-screw,Syntheface® Twist PEEK Interference Screw,MicroPort Endophix,Orthopedics,Sports medicine & soft-tissue,PEEK interference screw,Direct tendon-to-bone compression fixation for ACL reconstruction,The Syntheface® PEEK Interference Screw is a direct tendon-to-bone interference fixation device that relies on screw threads to engage and compress the graft. It is most commonly used in ACL reconstruction.,PEEK material | Thread-based compression fixation | Tendon-to-bone interference fixation | ACL reconstruction applications,Anterior cruciate ligament reconstruction,,Screw Wings: 6mm | 8mm | 10mm | 12mm; Screws: 6mm | 7mm | 8mm | 9mm | 10mm,,,cleared,,NMPA 20233130648.,syntheface-twist-peek-interference-screw.jpg
toolphix-pack-acl-pcl-reconstruction-instrument-set,Toolphix™ Pack ACL/PCL Reconstruction Instrument Set,MicroPort Endophix,Orthopedics,Sports medicine & soft-tissue,ACL/PCL reconstruction instrument set,Comprehensive instrument set for ACL and PCL reconstruction procedures,"The Toolphix™ Pack ACL/PCL Reconstruction Instrument Set provides the instruments required for ACL/PCL reconstruction, including a director, punch, and drills.",Director | Punch | Drills and inverted drills,ACL/PCL reconstruction,,Director | Punch | Drills/Inverted Drills,,,cleared,,"NMPA 20221084, 20221085, 20221086.",toolphix-pack-acl-pcl-reconstruction-instrument-set.jpg
toolphix-liga-graft-preparation-system,Toolphix™ Liga Graft Preparation System,MicroPort Endophix,Orthopedics,Sports medicine & soft-tissue,Graft preparation system,Instrument system for tendon fixation and graft preparation in ACL/PCL surgery,"The Toolphix™ Liga Graft Preparation System is designed for ACL/PCL reconstruction, providing tools for tendon fixation and graft preparation.",Tendon fixation instruments | Graft preparation platform,ACL/PCL reconstruction,,Tendon Fixation | Graft Preparation Platform,,,cleared,,NMPA 20211290.,toolphix-liga-graft-preparation-system.jpg
lunafix-meniscus-repair-system,Lunafix® Meniscus Repair System,MicroPort Endophix,Orthopedics,Sports medicine & soft-tissue,Meniscus repair system,High-strength suture system for superior meniscus repair fixation,"The Lunafix® Meniscus Repair System uses suture material made from imported yarn with high strength and excellent toughness, produced in a Class 10,000 cleanroom. It is designed to provide superior activation and fixation properties for meniscus repair.","High-strength imported yarn suture | Class 10,000 cleanroom production | Multiple curve configurations | Superior fixation and activation properties",Meniscus repair,,Curved 12° and 24° | Reversed curved 12° and 24° | Straight,,,cleared,,NMPA 20253130127.,lunafix-meniscus-repair-system.jpg
javelot-plus-peek-suture-anchor,Javelot® Plus PEEK Suture Anchor,MicroPort Endophix,Orthopedics,Sports medicine & soft-tissue,PEEK suture anchor,PEEK suture anchor covering the majority of sports medicine surgeries,"The Javelot® Plus PEEK Suture Anchor offers diameters from 2.0mm to 6.5mm, covering the majority of sports medicine surgeries requiring suture anchor fixation.",Wide diameter range (2.0-6.5mm) | PEEK material | Broad sports medicine coverage,Shoulder and sports medicine soft tissue repair and reconstruction,,Diameters 2.0mm to 6.5mm; multiple model numbers available,,,cleared,,NMPA 20233130192.,javelot-plus-peek-suture-anchor.jpg
javelot-suture-anchor,Javelot® Suture Anchor,MicroPort Endophix,Orthopedics,Sports medicine & soft-tissue,Suture anchor,Suture anchor with broad diameter range for sports medicine procedures,"The Javelot® Suture Anchor covers diameters from 2.0mm to 6.5mm for the majority of sports medicine surgeries, providing a versatile fixation option.",Wide diameter range (2.0-6.5mm) | Broad sports medicine application | Multiple model configurations,Shoulder and sports medicine soft tissue repair and reconstruction,,Diameters 2.0mm to 6.5mm; multiple model numbers available,,,cleared,,"NMPA 20233130398, 20233130817.",javelot-suture-anchor.jpg
ligabond-surgical-suture-series,Ligabond® Surgical Suture Series,MicroPort Endophix,Orthopedics,Sports medicine & soft-tissue,UHMWPE orthopedic suture,Multi-strand UHMWPE suture with superior strength and abrasion resistance,"Ligabond® surgical suture is constructed of multi-strand, long-chain ultra-high molecular weight polyethylene (UHMWPE), providing superior strength, soft feel, and abrasion resistance for orthopedic surgery.",Multi-strand UHMWPE construction | Superior strength and abrasion resistance | Available in suture and suture tape formats | Multiple color options,Orthopedic soft tissue repair and reconstruction,,Suture and Suture Tape formats; Colors: White | Blue | Blue/White | Black/White,,,cleared,,NMPA 20232021721.,ligabond-surgical-suture-series.jpg
ligatube-transosseous-tendon-repair-system,Ligatube® Transosseous Tendon Repair System,MicroPort Endophix,Orthopedics,Sports medicine & soft-tissue,Transosseous tendon repair system,Augments bone tunnels in rotator cuff repair to prevent suture cut-out,"The Ligatube® Transosseous Tendon Repair System is used during rotator cuff repair to augment bone tunnels, potentially avoiding suture cut-out through the weak bone of the greater tuberosity.",Bone tunnel augmentation | Prevents suture cut-out | Located suture passer | Depth-limited drill,Rotator cuff repair,,Located Suture Passer: 10mm/15mm; Depth-limited Drill; Punch; Suture Leader,,,cleared,,NMPA 20232041155.,ligatube-transosseous-tendon-repair-system.jpg
toolphix-lumi-arthroscopic-cannulas,Toolphix™ Lumi Arthroscopic Cannulas,MicroPort Endophix,Orthopedics,Sports medicine & soft-tissue,Arthroscopic cannulas,High-seal cannulas preventing liquid leakage with multiple instrument insertions,"The Toolphix™ Lumi Arthroscopic Cannulas offer excellent sealing capability, enabling multiple instrument insertions while preventing liquid leakage during arthroscopic procedures.",Excellent sealing capability | Supports multiple instrument insertions | Prevents liquid leakage,Arthroscopic surgery,,Models: MS-430620S | MS-430820S | MS-430840S | MS-430860S | MS-431020S,,,cleared,,NMPA 20232041197.,toolphix-lumi-arthroscopic-cannulas.jpg
toolphix-lumi-shoulder-repair-instrument,Toolphix™ Lumi Shoulder Repair Instrument,MicroPort Endophix,Orthopedics,Shoulder systems,Arthroscopic shoulder instrument set,Comprehensive arthroscopic instruments for open and arthroscopic shoulder repair,The Toolphix™ Lumi Shoulder Repair Instrument set offers comprehensive instruments to aid in both open and arthroscopic shoulder repair procedures.,Tissue Grasper | Suture Passer | Suture Cutter | Suture Retriever | Open and arthroscopic use,Shoulder repair (open and arthroscopic),,Models: MS-430670 | MS-430772T | MS-430972T | MS-430990T | MS-431050S,,,cleared,,NMPA 20211289.,toolphix-lumi-shoulder-repair-instrument.jpg
javelot-gopro-all-suture-anchor,Javelot® GoPro All-Suture Anchor,MicroPort Endophix,Orthopedics,Sports medicine & soft-tissue,All-suture anchor,Soft all-suture anchor for use when bone stock is limited,"The Javelot® GoPro All-Suture Anchor is comprised of sutures, suture tapes, or ribbons woven through a soft sleeve. Typically smaller than traditional anchors, it allows more anchors in the same space or is used when bone stock is limited.",Smaller profile than traditional anchors | Woven suture/suture tape/ribbon sleeve design | Sizes 1.6mm to 2.8mm | Maximizes anchor density,Soft tissue repair where bone stock is limited,,Sizes: 1.6mm | 2.6mm | 1.8mm | 2.8mm,,,cleared,,NMPA 20243131647.,javelot-gopro-all-suture-anchor.jpg
archimedes-subacromial-spacer-system,Archimedes® Subacromial Spacer System,MicroPort Endophix,Orthopedics,Sports medicine & soft-tissue,Subacromial balloon spacer,Elastic balloon implant for irreparable rotator cuff tears,The Archimedes® Subacromial Spacer System is indicated for the treatment of irreparable rotator cuff tears. An elastic balloon implant is placed between the acromion and the humeral head in conjunction with subacromial debridement.,Elastic balloon implant | Placed between acromion and humeral head | Used with subacromial debridement | Multiple cannula size options,Irreparable rotator cuff tears,,Threaded Cannulas: 6.0×20mm | 8.0×20mm | 8.0×40mm | 8.0×60mm | 10.0×20mm | 10.0×50mm; Smooth Cannulas: 5.75×20mm | 7.0×72mm | 8.5×72mm | 8.5×90mm,,,in progress,,Estimated NMPA Approval Time: October 2025 (under development).,archimedes-subacromial-spacer-system.jpg
ligabond-recon-uhmwpe-suture,Ligabond® Recon Ultra-High Molecular Weight Polyethylene Suture,MicroPort Endophix,Orthopedics,Sports medicine & soft-tissue,UHMWPE suture for tendon and ligament repair,"UHMWPE suture for repair, fixation, and reconstruction of tendons and ligaments","Ligabond® Recon is an ultra-high molecular weight polyethylene suture designed for the repair, fixation, and reconstruction of tendons and ligaments, enabling secure attachment of soft tissue to bone.",UHMWPE material | Tendon and ligament repair and reconstruction | Secure soft tissue-to-bone attachment,"Repair, fixation, and reconstruction of tendons and ligaments",,,,,cleared,,NMPA 20243132046.,ligabond-recon-uhmwpe-suture.jpg
toolphix-gen-consumable-suture-passer,Toolphix™ GEN Consumable Suture Passer,MicroPort Endophix,Orthopedics,Sports medicine & soft-tissue,Disposable suture passer,Disposable suture passer for soft tissue suturing in arthroscopic surgery,The Toolphix™ GEN Consumable Suture Passer is an indispensable disposable medical device for soft tissue suturing in arthroscopic shoulder and joint procedures.,Single-use disposable design | Multiple curve configurations | Broad model range for varied anatomic needs,Soft tissue suturing in arthroscopic procedures,,Models: MS-45025L | MS-45025LH | MS-45025R | MS-45025RH | MS-45045L | MS-45045R | MS-45045RH | MS-45090L | MS-45090LH | MS-45090R | MS-45090RH | MS-45030SH | MS-45090S | MS-45090SH | MS-45090T | MS-45090TH | MS-450CH | MS-451SC | MS-451LC | MS-452,,,cleared,,NMPA 20242040015.,toolphix-gen-consumable-suture-passer.jpg
endoinsight-true-4k-camera-system,ENDOInsight™ True 4K Camera System,MicroPort Endophix,Orthopedics,Arthroscopy systems,4K arthroscopic camera system,True 4K visualization for endoscopic surgical procedures,The ENDOInsight™ True 4K Camera System (Galaxy Insight®) is indicated for use in endoscopic surgical procedures to allow visualization of articular cavities when used with an appropriately indicated endoscope and monitor.,True 4K imaging | Endoscopic visualization | Indicated for articular cavity procedures,Endoscopic surgical procedures for visualization of articular cavities,,Model: MS-5410HD,,,cleared,,NMPA 20232060029.,endoinsight-true-4k-camera-system.jpg
endopower-mona-high-speed-power-system,ENDOPower™ Mona High-speed Power System,MicroPort Endophix,Orthopedics,Arthroscopy systems,Arthroscopic power system,High-speed power system for resection of soft and osseous tissues,"The ENDOPower™ Mona High-speed Power System (Endosharp®) is indicated for use with procedure-specific blades for resection of soft and osseous tissues, including in large and small articular cavities.",High-speed resection capability | Compatible with procedure-specific blades | Large and small articular cavity use,Resection of soft and osseous tissues in large and small articular cavities,,Model: MS-5100,,,cleared,,NMPA 20232010882.,endopower-mona-high-speed-power-system.jpg
endospark-low-temperature-plasma-wand,Endospark® Low-temperature Plasma Wand,MicroPort Endophix,Orthopedics,Arthroscopy systems,Radiofrequency plasma wand,Low-temperature plasma wand for soft tissue ablation and hemostasis,"The Endospark® Low-temperature Plasma Wand is intended for use with a radiofrequency surgical device for ablation, coagulation, and hemostasis of soft tissues in arthroscopic procedures.",Low-temperature plasma technology | Ablation and coagulation capability | Hemostasis | Radiofrequency energy source,"Ablation, coagulation, and hemostasis of soft tissues in arthroscopic surgery",,Models: MS-4210S | MS-4220 | MS-4230 | MS-4230S | MS-4250S,,,cleared,,NMPA 20232010827.,endospark-low-temperature-plasma-wand.jpg
endogrinder-forward-single-use-blades-burrs,ENDOGrinder™ Forward Single-use Blades and Burrs,MicroPort Endophix,Orthopedics,Arthroscopy systems,Single-use arthroscopic blades and burrs,Single-use blades and burrs for soft tissue and bone resection in arthroscopy,The ENDOGrinder™ Forward Single-use Blades and Burrs (Endosharp®) are indicated for use in combination with a power system under arthroscopic surgery to resect soft tissue and bone.,Single-use design | Soft tissue and bone resection | Compatible with arthroscopic power system | Multiple blade and burr configurations,Resection of soft tissue and bone in arthroscopic surgery,,Models: MS-4140A/B/C | MS-4147A/B/C | MS-4142A/B/C | MS-4143A/B/C | MS-4145A/B/C | MS-4146A/B/C,,,cleared,,NMPA 20222042163.,endogrinder-forward-single-use-blades-burrs.jpg
endopower-lisa-plasma-radiofrequency-surgical-equipment,ENDOPower™ Lisa Plasma Radiofrequency Surgical Equipment,MicroPort Endophix,Orthopedics,Arthroscopy systems,Plasma radiofrequency surgical generator,Plasma radiofrequency generator for soft tissue resection and ablation in saline,"The ENDOPower™ Lisa is a plasma radiofrequency surgical equipment unit applicable for the resection, ablation, and coagulation of soft tissues in arthroscopic and orthopedic surgeries in a saline environment.","Plasma radiofrequency energy | Resection, ablation, and coagulation | Saline environment operation | Arthroscopic and orthopedic surgery use","Resection, ablation, and coagulation of soft tissues in arthroscopic and orthopedic surgeries",,Dimensions: 410mm × 410mm × 153mm,,,cleared,,NMPA 20243012144.,endopower-lisa-plasma-radiofrequency-surgical-equipment.jpg
toumai-1000-endoscopic-surgical-system,Toumai® 1000 Endoscopic Surgical System,MicroPort MedBot,Surgical Robotics,Surgical robots & navigation,Multi-arm robotic surgical system,Tele-operated robotic system for minimally invasive endoscopic surgery,"The Toumai™ 1000 Endoscopic Surgical System (Model MT-1000) consists of a Surgeon Console, Patient Platform, and Vision Platform. Using tele-operation technology, it allows the surgeon to sit outside the aseptic surgery area, reducing physical burden while enabling more accurate and stable minimally invasive procedures.","Tele-operation allows surgeon to work outside sterile field | Three-platform architecture: surgeon console, patient platform, vision platform | Minimally invasive, accurate, stable surgical procedures | Multi-specialty applicability: urology, gynecology, thoracic, general surgery","Minimally invasive endoscopic surgery across urology, gynecology, thoracic surgery, and general surgery",Adult surgical patients requiring endoscopic procedures,Model: MT-1000,,cleared,cleared,,NMPA 20223010108. CE 778077.,toumai-1000-endoscopic-surgical-system.jpg
toumai-1000-sp,Toumai® 1000 SP Single-arm Endoscopic Surgical System,MicroPort MedBot,Surgical Robotics,Surgical robots & navigation,Single-port robotic surgical system,"Single-port robotic system integrating console, platform, and 3D imaging","The Toumai® 1000 SP adopts a highly integrated single-port design combining a surgeon console, patient surgical platform, image processing system, high-definition 3D electronic laparoscope, surgical instruments, and accessories in one system. It is designed for minimally invasive, smooth, intelligent, and comfortable surgical performance.",Single-port highly integrated design | High-definition 3D electronic laparoscope included | Integrated image processing system | Minimally invasive and intelligent surgical capabilities,Minimally invasive single-port endoscopic surgery,Adult surgical patients,Model: not specified (NMPA 20253010347),,,cleared,,NMPA 20253010347.,toumai-1000-sp.jpg
dfvision-3d-electronic-endoscope,DFVision® 3D Electronic Endoscope,MicroPort MedBot,Surgical Robotics,Endoscopes & visualization,3D electronic endoscope,High-fidelity 3D imaging endoscope for precise surgical visualization,"The DFVision® 3D Electronic Endoscope delivers 3D imaging and rich color reproduction to accurately present surgical field details. Enhanced visualization and precise anatomical display reduce operator error, improve surgical safety, and shorten learning curves for surgeons.",3D imaging with rich color performance | Accurate anatomical detail reproduction | Reduces operator error and enhances surgical safety | Shorter learning curve for surgeons,"Visualization support during endoscopic surgery in urology, gynecology, thoracic surgery, and general surgery",Adult surgical patients requiring endoscopic visualization,Models: 3DWFEL00-G2 | 3DWFEL30-G2,,cleared,cleared,,NMPA 20232060062. CE 778077.,dfvision-3d-electronic-endoscope.jpg
skywalker-total-knee-system,SkyWalker® Total Knee System,MicroPort MedBot,Surgical Robotics,Surgical robots & navigation,Robotic navigation and positioning system for TKA,Robotic navigation system for precise total knee arthroplasty,The SkyWalker® Total Knee System (Model OSR-1000) is used in combination with validated knee implants to navigate and position knee prostheses and surgical tools during adult total knee arthroplasty (TKA).,Navigation and positioning for TKA knee prostheses and instruments | Compatible with validated knee implant systems,Navigation and positioning of knee prostheses and surgical tools in adult total knee arthroplasty (TKA),Adult patients undergoing total knee arthroplasty,Model: OSR-1000,cleared,cleared,cleared,,NMPA 20223010509. FDA K213873. CE 769916. TGA 413490.,skywalker-total-knee-system.jpg
skywalker-gemini,SkyWalker® Gemini™ Robotic-Assisted Surgical System,MicroPort MedBot,Surgical Robotics,Surgical robots & navigation,Robotic navigation and positioning system for TKA and THA,Robotic system for navigation and positioning in knee and hip arthroplasty,The SkyWalker® Gemini™ Robotic-Assisted Surgical System (Model OSR-2000) is used with validated orthopedic implants and surgical tools for navigation and positioning during adult total knee arthroplasty (TKA) and total hip arthroplasty (THA). It expands on the SkyWalker platform to support both knee and hip joint replacement procedures.,Navigation and positioning for both TKA and THA | Compatible with validated orthopedic implants and instruments | Expanded orthopedic joint coverage vs. single-joint predecessors,Navigation and positioning of orthopedic implants and surgical tools during adult TKA and THA,Adult patients undergoing total knee or total hip arthroplasty,Model: OSR-2000,,,cleared,,NMPA 20233011345.,skywalker-gemini.jpg
isrobot-mona-lisa,iSR'obot® Mona Lisa,MicroPort MedBot,Surgical Robotics,Surgical robots & navigation,Robotic prostate biopsy system,MRI-ultrasound fusion robotic system for targeted prostate biopsy,The iSR'obot® Mona Lisa (Model Dx-B00) is a robotic targeting prostate biopsy system that uses transperineal MRI-ultrasound 3D image fusion and fully automated robotic arm positioning to assist physicians in performing precise prostate biopsies. It increases biopsy positivity rates and reduces misdiagnosis.,Transperineal MRI-ultrasound 3D image fusion | Fully automated robotic arm positioning | Increases prostate cancer biopsy positivity rate | Reduces misdiagnosis rate,Robotic-assisted transperineal targeted prostate biopsy,Male patients requiring prostate biopsy for suspected prostate cancer,Model: Dx-B00,cleared,cleared,cleared,,NMPA 20233010199. CE 603229. FDA K130944. TGA ARTG 231674.,isrobot-mona-lisa.jpg
r-one,R-ONE™ Percutaneous Coronary Intervention Robotic System,MicroPort MedBot,Surgical Robotics,Surgical robots & navigation,PCI robotic platform,Robotic platform for remote delivery of guidewires and catheters during PCI,The R-ONE™ Robotic Platform enables remote delivery and manipulation of coronary guidewires and balloon/stent catheters during percutaneous coronary intervention (PCI).,Remote delivery and manipulation of coronary guidewires | Remote control of balloon and stent catheters | Designed for interventional cardiology PCI procedures,Remote robotic delivery and manipulation of guidewires and balloon/stent catheters during percutaneous coronary intervention (PCI),Patients undergoing percutaneous coronary intervention,,,cleared,cleared,,NMPA 20233010579. CE 690387.,r-one.jpg
uniway-navigation-system,Uniway™ Navigation System,MicroPort MedBot,Surgical Robotics,Surgical robots & navigation,Bronchoscope navigation system,Robotic bronchoscope system for precise airway examination and procedures,"The Uniway™ Navigation System is an intelligent bronchoscope robot designed to assist or replace manual bronchoscopic examinations and related procedures. It enhances precision, stability, and safety compared to conventional bronchoscopy. Currently under development; estimated NMPA approval December 2025.","Robotic arm-controlled bronchoscope | Enhances precision, stability, and safety vs. manual bronchoscopy | Designed to assist or replace manual bronchoscopic examination",Assisted or automated bronchoscopic examination and related procedures,Patients requiring bronchoscopic examination or intervention,,,,in progress,,Estimated NMPA approval Dec. 2025 (under development).,uniway-navigation-system.jpg
nanopoint-navigation-positioning-system,NanoPoint™ Navigation and Positioning System for Biopsy Surgery,MicroPort MedBot,Surgical Robotics,Surgical robots & navigation,Lung biopsy robotic navigation system,Robotic real-time guidance system for precise lung biopsy puncture,"The NanoPoint™ Navigation and Positioning System replaces traditional blind-puncture biopsy methods with robotic precision, providing real-time guidance, simultaneous visualization and puncture, accurate compensation, and intelligent assistance. Currently under development; estimated NMPA approval October 2025.",Real-time guidance replacing traditional blind puncture | Simultaneous visualization and puncture capability | Accurate robotic compensation | Intelligent assistance for biopsy procedures,Navigation and positioning for robotic-assisted lung biopsy surgery,Patients requiring lung biopsy,,,,in progress,,Estimated NMPA approval Oct. 2025 (under development).,nanopoint-navigation-positioning-system.jpg
numen,NUMEN®,MicroPort NeuroTech,Neurovascular,Embolization & filters,Electrolytic detachable coil,Electrolytic detachable coils for embolization of intracranial aneurysms,"NUMEN® is an electrolytic detachable coil system designed for embolization of intracranial aneurysms. Available in MicroFinish, MicroFrame, and MicroFill configurations to address a range of aneurysm morphologies.","Three model configurations: MicroFinish, MicroFrame, MicroFill",Embolization of intracranial aneurysms,,Models: MicroFinish | MicroFrame | MicroFill,cleared,cleared,cleared,cleared,"NMPA 20203130761. CE 544291 MR2 / 544291 MRA. FDA K203625, K232955. PMDA 30500BZI00030000. TGA 413431.",numen.jpg
numen-silk,NUMEN® Silk,MicroPort NeuroTech,Neurovascular,Embolization & filters,Electrolytic detachable coil,Three-dimensional electrolytic detachable coil for intracranial aneurysm embolization,NUMEN® Silk is a three-dimensional electrolytic detachable coil for embolization of intracranial aneurysms. It offers a range of sizes from 1mm x 2cm to 8mm x 35cm.,Three-dimensional coil geometry | Wide size range: 1mm*2cm to 8mm*35cm,Embolization of intracranial aneurysms,,Size range: 1mm*2cm – 8mm*35cm,,,cleared,,NMPA 20223130130.,numen-silk.jpg
willis,WILLIS®,MicroPort NeuroTech,Neurovascular,Stents & scaffolds,Intracranial covered stent,Covered stent for traumatic and complex aneurysms of craniocervical and vertebral arteries,WILLIS® is an intracranial stent graft system indicated for traumatic and pseudoaneurysms and complex aneurysms of the craniocervical and vertebral arteries.,"Indicated for traumatic, pseudoaneurysms, and complex aneurysms | Broad model range across diameter and length combinations","Treatment of traumatic aneurysms, pseudoaneurysms, and complex aneurysms of the craniocervical and vertebral arteries",,"Models: SG3507, SG3510, SG3513, SG3516, SG4007, SG4010, SG4013, SG4016, SG4507, SG4510, SG4513, SG4516",,,cleared,,NMPA 20143131916.,willis.jpg
tubridge,Tubridge®,MicroPort NeuroTech,Neurovascular,Stents & scaffolds,Flow diverter,Flow diverter for unruptured aneurysms of internal carotid and vertebral arteries,Tubridge® is a flow-guided stent for treatment of unruptured cystic aneurysms of the internal carotid and vertebral arteries. It is available in a broad matrix of lengths (10–45mm) and diameters (2.5–6.5mm).,Flow-guided design for aneurysm occlusion | Length range: 10–45mm | Diameter range: 2.5–6.5mm,Treatment of unruptured cystic aneurysms of the internal carotid and vertebral arteries,,Length: 10 | 15 | 20 | 25 | 30 | 35 | 45 mm | Diameter: 2.5 | 3.0 | 3.5 | 4.0 | 4.5 | 5.0 | 5.5 | 6.0 | 6.5 mm,,,cleared,,NMPA 20183130102.,tubridge.jpg
tubridge-plus,Tubridge Plus®,MicroPort NeuroTech,Neurovascular,Stents & scaffolds,Flow diverter,Dense mesh flow diverter for unruptured aneurysms of internal carotid and vertebral arteries,Tubridge Plus® is a flow-guided dense mesh stent designed for unruptured cystic aneurysms of the internal carotid and vertebral arteries.,Dense mesh construction for enhanced flow diversion | Targets unruptured cystic aneurysms | Internal carotid and vertebral artery application,Treatment of unruptured cystic aneurysms of the internal carotid and vertebral arteries,,,,,cleared,,NMPA 20183130102.,tubridge-plus.jpg
neurohawk-ais4025-ais6030,NeuroHawk®️,MicroPort NeuroTech,Neurovascular,Thrombectomy & atherectomy,Thrombectomy device,Thrombectomy device for large vessel thrombus removal in acute ischemic stroke,NeuroHawk®️ is a thrombectomy device indicated for removal of thrombus in large vessels in patients with acute ischemic stroke (AIS) to restore blood flow. Available in two models: AIS4025 and AIS6030.,Large vessel thrombus removal | Two model sizes: AIS4025 and AIS6030,Removal of thrombus in large vessels in patients with acute ischemic stroke to restore blood flow,Acute ischemic stroke patients,Models: AIS4025 | AIS6030,,,cleared,,NMPA 20223030183.,neurohawk-ais4025-ais6030.jpg
tigertrieve,Tigertrieve®,MicroPort NeuroTech,Neurovascular,Thrombectomy & atherectomy,Thrombectomy device,Variable-diameter intracranial stent retriever for ischemic stroke thrombus removal,"Tigertrieve® is an adjustable intracranial variable-diameter stent retriever for thrombus removal in the internal carotid artery, M1 and M2 segments of the middle cerebral artery, and the basilar artery in ischemic stroke patients.","Variable diameter design | ICA, M1, M2, and basilar artery coverage | Models: TRPP3166 and TRPP3155","Thrombus removal in the internal carotid artery, M1 and M2 segments of the middle cerebral artery, and basilar artery in patients with ischemic stroke",Ischemic stroke patients,Models: TRPP3166 | TRPP3155,,,cleared,,NMPA 20233030369.,tigertrieve.jpg
wave-track,WAVE-track®️,MicroPort NeuroTech,Neurovascular,Thrombectomy & atherectomy,Intracranial aspiration catheter,Intracranial aspiration catheter for recanalization in acute large vessel ischemic stroke,WAVE-track®️ is an intracranial thrombus suction catheter for recanalization of vessels in patients with acute ischemic stroke caused by occlusion of large intracranial vessels.,"Designed for large vessel occlusion recanalization | Six model configurations across 5Fr and 6Fr | Lengths: 115, 125, and 135cm",Recanalization of occluded large intracranial vessels in acute ischemic stroke,Acute ischemic stroke patients with large intracranial vessel occlusion,Models: ASC5-115 | ASC5-125 | ASC5-135 | ASC6-115 | ASC6-125 | ASC6-135,,,cleared,,NMPA 20233031210.,wave-track.jpg
apollo,APOLLO™,MicroPort NeuroTech,Neurovascular,Stents & scaffolds,Intracranial stent,Intracranial artery stent for treating intracranial and skull base artery stenosis,APOLLO™ is an intracranial stent system for treating stenosis of the intracranial and skull base arteries and improving cerebral ischemia. It is available in a wide range of models spanning 2.5mm to 4.0mm diameters.,Indicated for intracranial and skull base artery stenosis | Wide model range across diameters 2.5–4.0mm | Multiple length options,Treatment of intracranial and skull base artery stenosis; improving cerebral ischemia,,"Representative models: A2508, A2510, A2713, A3034, A4023 (28 model configurations)",,,cleared,,NMPA 20173134386.,apollo.jpg
bridge,Bridge®,MicroPort NeuroTech,Neurovascular,Stents & scaffolds,Drug-eluting stent,Rapamycin-eluting stent for symptomatic extracranial vertebral artery stenosis,Bridge® is a rapamycin-loaded vertebral stent system for treatment of symptomatic extracranial vertebral artery stenosis. Available in lengths from 13mm to 23mm and diameters from 2.25mm to 4.0mm.,Rapamycin drug elution | Indicated for extracranial vertebral artery stenosis | Length: 13–23mm | Diameter: 2.25–4.0mm,Treatment of symptomatic extracranial vertebral artery stenosis,Patients with symptomatic extracranial vertebral artery stenosis,Length: 13 | 16 | 18 | 21 | 23 mm | Diameter: 2.25 | 2.5 | 2.75 | 3.0 | 3.5 | 4.0 mm,,,cleared,,NMPA 20203130971.,bridge.jpg
safecer,Safecer®,MicroPort NeuroTech,Neurovascular,Embolization & filters,Embolic protection device,Distal embolic protection device for carotid artery interventional procedures,Safecer® provides distal embolization protection during vascular interventional surgery at the carotid artery. It is available in multiple filter and sheath size combinations covering 3mm to 7mm vessel diameters.,Distal embolization protection for carotid interventions | Ten model configurations | Covers 3–7mm vessel diameters | Filter lengths: 190mm and 320mm,Distal embolization protection during vascular interventional surgery at the carotid artery,,Models: PER-03-190 | PER-03-320 | PER-04-190 | PER-04-320 | PER-05-190 | PER-05-320 | PER-06-190 | PER-06-320 | PER-07-190 | PER-07-320,,,cleared,,NMPA 20243030824.,safecer.jpg
diveer,Diveer®,MicroPort NeuroTech,Neurovascular,Balloon catheters,Intracranial balloon dilatation catheter,Intracranial balloon catheter for non-acute symptomatic intracranial atherosclerotic stenosis,Diveer® is an intracranial balloon dilatation catheter for treatment of non-acute symptomatic intracranial atherosclerotic stenosis. Available in lengths from 6mm to 25mm and diameters from 1.5mm to 4.0mm.,Non-acute intracranial atherosclerotic stenosis indication | Length: 6–25mm | Diameter: 1.5–4.0mm,Treatment of non-acute symptomatic intracranial atherosclerotic stenosis,Patients with non-acute symptomatic intracranial atherosclerotic stenosis,Length: 6 | 10 | 15 | 20 | 25 mm | Diameter: 1.5 | 2.0 | 2.25 | 2.5 | 2.75 | 3.0 | 3.5 | 4.0 mm,,,cleared,,NMPA 20223030107.,diveer.jpg
pathfinder,PathFinder®,MicroPort NeuroTech,Neurovascular,Balloon catheters,Carotid balloon dilatation catheter,Carotid balloon catheter for non-acute symptomatic intracranial atherosclerotic stenosis,PathFinder® is a carotid balloon dilatation catheter for treatment of non-acute symptomatic intracranial atherosclerotic stenosis. Available in lengths from 20mm to 40mm and diameters from 2.0mm to 7.0mm.,Carotid artery indication | Length: 20–40mm | Diameter: 2.0–7.0mm,Treatment of non-acute symptomatic intracranial atherosclerotic stenosis,Patients with non-acute symptomatic intracranial atherosclerotic stenosis,Length: 20 | 30 | 40 mm | Diameter: 2.0 | 2.5 | 3.0 | 3.5 | 4.0 | 4.5 | 5.0 | 5.5 | 6.0 | 6.5 | 7.0 mm,,,cleared,,NMPA 20243031141.,pathfinder.jpg
x-track,X-track®,MicroPort NeuroTech,Neurovascular,Diagnostic & delivery catheters,Intracranial distal access catheter,Intracranial distal access catheter for instrument delivery in neurovascular interventions,"X-track® is an intracranial distal access catheter designed for instrument delivery during interventional treatment of neurovascular diseases. Available in 5Fr and 6Fr sizes with lengths of 115, 125, and 135cm.","Instrument delivery for neurovascular intervention | 5Fr and 6Fr sizes | Lengths: 115, 125, 135cm",Instrument delivery during interventional treatment of neurovascular diseases,,Models: DC5-115 | DC5-125 | DC5-135 | DC6-115 | DC6-125 | DC6-135,,,cleared,,NMPA 20223030494.,x-track.jpg
u-track,U-track®,MicroPort NeuroTech,Neurovascular,Diagnostic & delivery catheters,Intracranial support catheter,Intracranial support catheter for instrument delivery in neurovascular interventions,U-track® is an intracranial support catheter for instrument delivery during interventional treatment of neurovascular diseases. Available in multiple 5Fr and 6Fr configurations with straight and angled tips.,Support catheter for neurovascular intervention | 5Fr and 6Fr sizes | Straight (S) and angled (A) tip options | Multiple working lengths,Instrument delivery during interventional treatment of neurovascular diseases,,Models: SC5-115S | SC5-115A | SC5-125S | SC5-125A | SC5-135S | SC5-135A | SC6-105S | SC6-105A | SC6-115S | SC6-115A | SC6-125S | SC6-125A,,,cleared,,NMPA 20203031006.,u-track.jpg
fastrack,Fastrack®,MicroPort NeuroTech,Neurovascular,Diagnostic & delivery catheters,Microcatheter,Microcatheter for instrument delivery in neurovascular interventions,Fastrack® is a microcatheter for delivering instruments during interventional treatment of neurovascular diseases. Available in model 025-30D.,Instrument delivery for neurovascular intervention,Instrument delivery during interventional treatment of neurovascular diseases,,Model: 025-30D,,,cleared,,NMPA 20193030513.,fastrack.jpg
queen-track,QUEEN-track™,MicroPort NeuroTech,Neurovascular,Diagnostic & delivery catheters,Microcatheter,Microcatheter for delivering instruments or liquids in neurovascular interventions,QUEEN-track™ is a microcatheter for delivering instruments or liquids during interventional treatment of neurovascular diseases. Available in model MC-21-155.,Dual capability: instrument and liquid delivery,Instrument or liquid delivery during interventional treatment of neurovascular diseases,,Model: MC-21-155,,,cleared,,NMPA 20233030860.,queen-track.jpg
veyronwire,Veyronwire™,MicroPort NeuroTech,Neurovascular,Guidewires,Neurovascular guidewire,Neurovascular guidewire for selective catheter guidance and positioning,Veyronwire™ is a neurovascular guidewire for selective guidance and positioning of catheters and other neurointerventional instruments. Available in soft-tip (SFT) and standard (STD) configurations in 200cm and 300cm lengths.,Selective guidance for neurovascular catheters | Soft-tip (SFT) and standard (STD) configurations | Lengths: 200cm and 300cm,Selective guidance and positioning of catheters and neurointerventional instruments,,Models: ROC-14-SFT-200 | ROC-14-STD-200 | ROC-14-SFT-300 | ROC-14-STD-300,,,cleared,,NMPA 20233031209.,veyronwire.jpg
neuroguard,NeuroGuard®,MicroPort NeuroTech,Neurovascular,Balloon catheters,Neurovascular balloon guiding catheter,Balloon guide catheter for intravascular access and guidance to target nerve vessels,NeuroGuard® is a balloon guide catheter that assists in intravascular catheter insertion and guides access to target nerve vessels. Available in three 8Fr configurations with 85cm and 95cm working lengths.,Balloon guide catheter design | Assists catheter insertion and target vessel access | Three model configurations | 8Fr size,Assisting intravascular catheter insertion and guidance into target nerve vessels,,Models: BGC-8F-85-1 | BGC-8F-95-1 | BGC-8F-95-5,,,cleared,,NMPA 20243030164.,neuroguard.jpg
sheathru,Sheathru,MicroPort NeuroTech,Neurovascular,Diagnostic & delivery catheters,Delivery conduit,Delivery conduit for introducing interventional devices into peripheral and intracranial vessels,"Sheathru is a delivery conduit for introducing interventional devices into the peripheral and intracranial vascular system, assisting device entry during neurovascular procedures.",Enables peripheral and intracranial vascular access | Assists device introduction during interventional procedures,Introduction of interventional devices and assistance of device entry into the peripheral and intracranial vascular system,,,,,cleared,,NMPA 20253030245.,sheathru.jpg
alwide-plus,Alwide® Plus,MicroPort CardioFlow,Structural Heart,Balloon catheters,Balloon valvuloplasty catheter,Balloon catheter for dilation of native and prosthetic heart valves,The Alwide® Plus Balloon Catheter is designed for optimal dilation of both native and prosthetic heart valves. It supports smooth and effective valve treatment procedures to improve patient outcomes.,Suitable for native and prosthetic valve dilation | Available in seven diameter models (16–28 mm),Dilation of native and prosthetic heart valves,,Models: BC-1640 | BC-1840 | BC-2040 | BC-2240 | BC-2440 | BC-2640 | BC-2840,,,cleared,,NMPA 20213030586.,alwide-plus.jpg
accusniper,AccuSniper™,MicroPort CardioFlow,Structural Heart,Balloon catheters,Double-layer balloon valvuloplasty catheter,Double-layer balloon catheter for precise aortic valve balloon valvuloplasty,"The AccuSniper™ Double-layer Balloon Catheter is engineered for precision in patients with calcified, severe aortic stenosis. It is designed for safe and efficient balloon valvuloplasty of both native and transcatheter aortic valves.","Double-layer balloon construction for precision | Indicated for calcified, severe aortic stenosis | Supports valvuloplasty of native and transcatheter aortic valves | Available in eight diameter models (14–28 mm)","Balloon valvuloplasty of native and transcatheter aortic valves in patients with calcified, severe aortic stenosis","Patients with calcified, severe aortic stenosis",Models: SPB-1440 | SPB-1640 | SPB-1840 | SPB-2040 | SPB-2240 | SPB-2440 | SPB-2640 | SPB-2840,,,cleared,,NMPA 20233031211.,accusniper.jpg
anchorman-left-atrial-appendage-guiding-system,AnchorMan® Left Atrial Appendage Guiding System,MicroPort CardioFlow,Structural Heart,Occluders & closure devices,Left atrial appendage closure guiding system,Specialized guiding system for precise left atrial appendage closure access,The AnchorMan® Left Atrial Appendage Guiding System establishes precise vascular access through the interatrial septum for left atrial appendage closure procedures. It is available in single-curve and double-curve configurations to support efficient procedural access.,Single-curve and double-curve configurations | Designed for transseptal access for LAA closure,Establishing access for left atrial appendage closure through the interatrial septum,,Models: Single Curve | Double Curve,,,cleared,,NMPA 20232030276.,anchorman-left-atrial-appendage-guiding-system.jpg
lumicryo-sp,LumiCryo™ SP,AccuTarget,Tumor Ablation,Cryoablation systems & accessories,Transbronchial and percutaneous cryoablation system,World's first and only non-invasive transbronchial cryoablation platform for lung nodules,"LumiCryo™ SP is a single-channel cryosurgical system that combines transbronchial and percutaneous cryoablation in one platform. It is the only non-invasive transbronchial cryoablation platform for lung nodules, while remaining compatible with conventional percutaneous cryoablation for systemic solid tumors. The complementary dual-pathway design enables comprehensive lung treatment.","World's first and only non-invasive transbronchial cryoablation platform | Compatible with traditional percutaneous cryoablation | Dual-pathway design for comprehensive lung treatment | Applicable across oncology, thoracic surgery, and interventional departments",Transbronchial and percutaneous cryoablation of lung nodules and systemic solid tumors,Patients with lung nodules or solid tumors requiring percutaneous or bronchoscope-guided cryoablation,,,,cleared,,NMPA 20213010918,lumicryo-sp.jpg
tactic-antarctic,TACTIC® Antarctic™,AccuTarget,Tumor Ablation,Cryoablation systems & accessories,Dual-channel percutaneous cryoablation system,Compact dual-channel percutaneous cryotherapy system for tumor cryoablation,"TACTIC® Antarctic™ is a compact, efficient percutaneous cryotherapy system equipped with two ablation needle channels. It uses a single-modality percutaneous approach for tumor cryoablation and is positioned as a universal device for tumor cryoablation.",Dual ablation needle channels | Compact and efficient design | Single-modality percutaneous approach,Percutaneous cryoablation of solid tumors,Patients with solid tumors treatable via percutaneous cryoablation,Channels: 2,,,in progress,,NMPA expected certification time: 2025 (under development),tactic-antarctic.jpg
tactic-four-channel,TACTIC® (Four-Channel),AccuTarget,Tumor Ablation,Cryoablation systems & accessories,Four-channel percutaneous cryoablation system,First cryoablation system using standard industrial gas as coolant,"TACTIC® is a four-channel, single-modality percutaneous cryoablation system and the world's first to use standard industrial nitrogen, argon, or nitrogen-argon mixed gas as the coolant. It is indicated for systemic solid tumors, with primary targeting of tumors up to 6 cm, covering lung, liver, kidney, prostate, bone and soft tissue, and breast tumors.","World's first to use standard industrial nitrogen/argon/mixed gas as coolant | Four ablation needle channels | Primary indication for tumors up to 6 cm | Broad organ coverage including lung, liver, kidney, prostate, bone, breast","Percutaneous cryoablation of systemic solid tumors including lung, liver, kidney, prostate, bone and soft tissue, and breast tumors",Patients with solid tumors up to 6 cm amenable to percutaneous cryoablation,Channels: 4 | Tumor size target: ≤6 cm,,,cleared,,NMPA 20143011983,tactic-four-channel.jpg
tactic-optima,TACTIC® Optima,AccuTarget,Tumor Ablation,Cryoablation systems & accessories,Four-channel percutaneous cryoablation system,Upgraded four-channel cryoablation system using industrial gas coolants,"TACTIC® Optima is the upgraded version of the TACTIC® four-channel system, using standard industrial nitrogen, argon, or nitrogen-argon mixed gas as the coolant. It maintains the same four-channel, single-modality percutaneous design and indications for systemic solid tumors up to 6 cm.",Upgrade of proven TACTIC® platform | Standard industrial gas coolant (nitrogen/argon/mixed) | Four ablation needle channels | Tumors up to 6 cm target range,"Percutaneous cryoablation of systemic solid tumors including lung, liver, kidney, prostate, bone and soft tissue, and breast tumors",Patients with solid tumors up to 6 cm amenable to percutaneous cryoablation,Channels: 4 | Tumor size target: ≤6 cm,,,in progress,,NMPA estimated approval 2025 (under development),tactic-optima.jpg
tactic-turbopro,TACTIC® TurboPro™,AccuTarget,Tumor Ablation,Cryoablation systems & accessories,Six-channel percutaneous cryoablation system,Six-channel cryoablation system with robotic arm for large irregular tumors,"TACTIC® TurboPro™ is a six-channel, single-modality percutaneous cryoablation system featuring an ultra-cold core for more powerful cooling. A robotic arm provides stable, precise intraoperative manipulation. It is designed for conformal ablation of large irregular tumors in the liver, advanced-stage lung, bone, soft tissue, and the entire prostate, with an ablation range up to 8 cm.",Ultra-cold core for enhanced cooling power | Robotic arm for intraoperative precision | Six ablation needle channels | Conformal ablation for large irregular tumors | Ablation range up to 8 cm,"Percutaneous cryoablation of large irregular solid tumors including liver, advanced-stage lung, bone, soft tissue, and entire prostate","Patients with large solid tumors up to 8 cm, including prostate cancer candidates for perineal treatment",Channels: 6 | Ablation range: ≤8 cm,,,in progress,,NMPA estimated approval 2025 (under development),tactic-turbopro.jpg
tactic-maverick,TACTIC® Maverick™,AccuTarget,Tumor Ablation,Cryoablation systems & accessories,Twelve-channel percutaneous and thoracotomy cryoablation system,World's first twelve-channel cryoablation system compatible with all gas sources,"TACTIC® Maverick™ is the world's first percutaneous cryoablation system compatible with all types of gas sources, featuring 12 ablation needle channels. It offers unique advantages for tumors larger than 8 cm and performs conformal ablation on large, irregular tumors across the lung, liver, kidney, bone, and soft tissues. The system supports both percutaneous and thoracotomy approaches.",World's first system compatible with all gas source types | Twelve ablation needle channels | Unique advantage for tumors >8 cm | Supports percutaneous and thoracotomy approaches | Conformal ablation for large irregular multi-site tumors,"Percutaneous and thoracotomy cryoablation of large solid tumors including lung, liver, kidney, bone, and soft tissue",Patients with large solid tumors greater than 8 cm requiring cryoablation,Channels: 12 | Tumor size target: >8 cm,,,cleared,,NMPA 20143011983,tactic-maverick.jpg
lumicryo-ultra-low-cryoneedle-catheter,LumiCryo™ Ultra-low Cryoneedle Catheter,AccuTarget,Tumor Ablation,Cryoablation systems & accessories,Transbronchial cryoablation needle catheter,World's first and only transbronchial cryoablation needle for lung nodules,"The LumiCryo™ Ultra-low Cryoneedle Catheter is the world's first and only transbronchial cryoablation needle, used with the LumiCryo™ SP cryoablation device. It is the only bronchoscope-guided energy ablation device approved globally for pulmonary indications, enabling non-invasive cryotherapy of lung nodules.",World's first and only transbronchial cryoablation needle | Only bronchoscope-guided ablation device approved for pulmonary indications worldwide | Compatible with LumiCryo™ SP | Available in sharp and blunt tip shapes,Non-invasive transbronchial cryotherapy of lung nodules,Patients with lung nodules undergoing bronchoscope-guided cryoablation,Needle diameter: 1.9 mm | 2.2 mm | Needle length: 8 mm | 12 mm | Catheter length: 1000 mm | 1150 mm | Tip shape: Sharp | Blunt | Delivery tube length: 2 m,,,cleared,,NMPA 20243010381,lumicryo-ultra-low-cryoneedle-catheter.jpg
tactic-fixed-targeted-cryoablation-needle,TACTIC® Fixed Targeted Ultra-low Cryoablation Needle,AccuTarget,Tumor Ablation,Cryoablation systems & accessories,Percutaneous cryoablation needle,World's first cryoablation needle using standard industrial nitrogen for percutaneous tumor treatment,"The TACTIC® Fixed Targeted Cryoablation Needle is the world's first cryoablation needle using standard industrial nitrogen as a coolant for percutaneous treatment of systemic solid tumors. Compatible with TACTIC®, LumiCryo™ SP, and related devices, it is available in 108 specifications across a range of diameters, cryozone lengths, needle lengths, and handle shapes.",World's first industrial nitrogen-cooled percutaneous cryoablation needle | 108 available specifications | Compatible with TACTIC® and LumiCryo™ SP series | Available in straight and right-angle handle shapes | Sharp and blunt tip options,Percutaneous cryoablation of systemic solid tumors,Patients with solid tumors requiring percutaneous cryoablation,Needle diameter: 1.5 mm | 2.5 mm | 3.5 mm | Cryozone length: 5 | 10 | 15 | 20 | 25 | 30 mm | Needle length: 125 | 175 | 250 mm | Handle: Straight (180°) | Right angle (90°) | Tip: Sharp | Blunt,,,cleared,,"NMPA 202163011087, 20213010092",tactic-fixed-targeted-cryoablation-needle.jpg
petershield,PeterShield®,AccuTarget,Tumor Ablation,Cryoablation systems & accessories,Urethral protection system,Urethral protection system for patients undergoing cryoablation,"PeterShield® is a urethral protection system designed to provide thermal protection to the urethra during urination, preventing or minimizing urethral damage caused by freezing.",Thermal protection for the urethra during cryoablation | Prevents or minimizes freeze-related urethral injury,Urethral protection during cryoablation procedures,Patients undergoing cryoablation requiring urethral protection,,,,in progress,,NMPA estimated approval 2025 (under development),petershield.jpg
petershield-optima,PeterShield® Optima,AccuTarget,Tumor Ablation,Cryoablation systems & accessories,Urethral protection catheter,Urethral protection catheter for male prostate cryoablation patients,"PeterShield® Optima is a urethral protection catheter used in conjunction with the PeterShield® Urethral Protection System. It enables male prostate tumor patients to urinate normally during cryoablation while simultaneously providing thermal protection to the urethra, preventing or minimizing damage from freezing.",Enables normal urination during cryoablation | Simultaneous thermal urethral protection | Designed for male prostate tumor patients | Used with PeterShield® system,Urethral protection and normal urination during prostate cryoablation,Male patients with prostate tumors undergoing cryoablation,,,,in progress,,NMPA estimated approval 2025 (under development),petershield-optima.jpg
tactic-planning-software,TACTIC® Planning Software,AccuTarget,Tumor Ablation,Cryoablation systems & accessories,Cryoablation treatment planning software,CT and MR image processing software for tumor cryoablation treatment planning,TACTIC® Planning Software displays and processes CT and MR images compliant with the DICOM 3.0 standard. It supports tumor cryoablation treatment planning and pathological biopsy workflows.,DICOM 3.0 compliant CT and MR image display and processing | Tumor cryoablation treatment planning | Pathological biopsy support,Planning and guidance for tumor cryoablation treatment and pathological biopsy,,,,,in progress,,NMPA estimated approval 2025 (under development),tactic-planning-software.jpg
cicadawing-gopro,CicadaWing® GoPro,AccuTarget,Tumor Ablation,Biopsy devices,Vacuum-assisted breast biopsy system,Imaging-guided vacuum-assisted breast biopsy system with no postoperative scars,CicadaWing® GoPro is a vacuum-assisted breast biopsy system used for biopsy of clinically suspicious breast lesions and removal of benign breast lesions under imaging guidance such as ultrasound. It is designed for precise treatment with no postoperative scarring.,Imaging-guided (ultrasound) vacuum-assisted biopsy | Biopsy and benign lesion removal in one system | No postoperative scars,Biopsy of clinically suspicious breast lesions and removal of benign breast lesions under ultrasound or other imaging guidance,Patients with suspicious or benign breast lesions,,,,cleared,,NMPA 20243012476,cicadawing-gopro.jpg
cicadawing-breast-biopsy-probe,CicadaWing® Breast Biopsy Probe,AccuTarget,Tumor Ablation,Biopsy devices,Breast biopsy probe,Dedicated biopsy probe for use with the CicadaWing® GoPro system,The CicadaWing® Breast Biopsy Probe is used in conjunction with the CicadaWing® GoPro Breast Biopsy System for biopsy of clinically suspicious breast lesions and removal of benign breast lesions under imaging guidance such as ultrasound.,Designed for use with CicadaWing® GoPro system | Imaging-guided breast biopsy and benign lesion removal,Biopsy of clinically suspicious breast lesions and removal of benign breast lesions under ultrasound or other imaging guidance,Patients with suspicious or benign breast lesions,,,,cleared,,NMPA 20243012309,
cicadawing-moby,CicadaWing® Moby,AccuTarget,Tumor Ablation,Biopsy devices,Portable vacuum-assisted breast biopsy system,Lightweight portable vacuum-assisted breast biopsy system,"CicadaWing® Moby is a lightweight, portable, and energy-efficient vacuum-assisted breast biopsy system for biopsy of clinically suspicious breast lesions and removal of benign breast lesions under imaging guidance such as ultrasound. It is used with a dedicated CicadaWing® Breast Biopsy Probe.",Lightweight and portable design | Energy-efficient operation | Imaging-guided vacuum-assisted biopsy,Biopsy of clinically suspicious breast lesions and removal of benign breast lesions under ultrasound or other imaging guidance,Patients with suspicious or benign breast lesions,,,,in progress,,NMPA estimated approval 2025 (under development),cicadawing-moby.jpg
ez-eye-chestdura,EZ-Eye™ ChestDura™ Electronic Thoracoscope,MicroPort Urocare,Endoscopy & Urology,Endoscopes & visualization,Electronic thoracoscope,Pistol-grip ultra-thin thoracoscope for bedside pleural procedures,"The EZ-Eye ChestDura is an electronic thoracoscope with a pistol-grip handle and ultra-thin outer diameter, designed to shorten the learning curve and reduce puncture infection risk. It extends thoracoscopic procedures from the thoracoscopy room to the bedside.",Pistol-grip handle design | Ultra-thin outer diameter | Reduces puncture infection risk | Suitable for bedside use,"Observation, diagnosis, and treatment of pleural diseases via thoracoscopy","Patients requiring pleural disease diagnosis or treatment; departments: Respiratory, ICU, Thoracic Surgery",Models: THS-101R | THS-101L | THS-101E | THS-102R | THS-102L | THS-102E,,,cleared,,NMPA 20242061007,ez-eye-chestdura.jpg
ez-vista-moby,EZ-Vista™ Moby™ Electronic Endoscopic Imaging Processor,MicroPort Urocare,Endoscopy & Urology,Endoscopes & visualization,Endoscopic imaging processor,Portable processor delivering HD thoracoscopic views via 26-inch monitor,"The EZ-Vista Moby is a portable imaging processor that connects to a 26-inch LCD monitor, providing high-definition thoracoscopic views for diagnosis and treatment of pleural diseases.",Portable main unit | Connects to 26-inch LCD monitor | High-definition imaging,Image processing for thoracoscopic diagnosis and treatment of pleural diseases,Patients requiring pleural disease diagnosis or treatment,Model: MVP-100A,,,cleared,,NMPA 20232061969,ez-vista-moby.jpg
ez-knife-gi,EZ Knife™ GI Disposable Endoscopic Submucosal Dissection Knife,MicroPort Urocare,Endoscopy & Urology,Surgical instruments,Endoscopic submucosal dissection knife,Disposable ESD knife for gastrointestinal early cancer treatment,The EZ Knife GI is a single-use endoscopic submucosal dissection knife designed for gastrointestinal early cancer diagnosis and treatment.,,Endoscopic submucosal dissection for gastrointestinal early cancer diagnosis and treatment,Patients with gastrointestinal early-stage cancer or lesions,,,,cleared,,NMPA 20253010713,ez-knife-gi.jpg
ez-vista-lumia,EZ-Vista™ Lumia™ Gastrointestinal Endoscope Devices,MicroPort Urocare,Endoscopy & Urology,Endoscopes & visualization,Gastrointestinal endoscopic imaging system,Image processing and light source system for GI endoscopic examination,"The EZ-Vista Lumia is used with compatible electronic endoscopes for clinical endoscopic examination and diagnosis, providing image processing and light source functions.",Compatible with company electronic endoscopes | Image processing and light source in one unit,Clinical endoscopic examination and diagnosis of the gastrointestinal tract,Patients requiring GI endoscopic examination,,,,cleared,,NMPA 20252060225,ez-vista-lumia.jpg
ez-powerranger,EZ-PowerRanger™,MicroPort Urocare,Endoscopy & Urology,Endoscopes & visualization,Gastrointestinal endoscopic device,Next-generation GI endoscopy device currently under development,"The EZ-PowerRanger is a gastrointestinal early cancer diagnosis and treatment device currently under development, with estimated NMPA approval in December 2025.",,Gastrointestinal early cancer diagnosis and treatment,,,,,in progress,,Estimated NMPA approval December 2025; under development,ez-powerranger.jpg
ez-clipper,EZ-Clipper™ Disposable Clip Device,MicroPort Urocare,Endoscopy & Urology,Surgical instruments,Hemostatic clip,World's first three-blade clip that converts to two-blade after activation,"The EZ-Clipper is a disposable hemostatic clip featuring a three-blade design with a removable isolating segment. After activation it converts to a two-blade clip, offering a shorter residual length that avoids interference with subsequent clipping and preserves operative visibility.",Three-blade to two-blade conversion after activation | Removable isolating segment | Shorter residual length | Lightweight design for better wound healing | Ample operation space and visibility,Hemostasis during endoscopic procedures,,Model: SMC-1950L-11,,,cleared,,NMPA 20232061141,ez-clipper.jpg
ez-eye-bilio,EZ-Eye™ Bilio™ Cholangioscopy Catheter,MicroPort Urocare,Endoscopy & Urology,Endoscopes & visualization,Cholangioscopy catheter,World's first hydrophilic-coated imaging catheter for pancreaticobiliary ducts,"The EZ Eye Bilio is a cholangioscopy catheter with a hydrophilic coating that reduces friction by 50%, facilitating passage through the duodenoscope working channel and breakthrough of the duodenal papilla. It features a lightweight handle for single-handed operation and cross-shaped four-way deflection control.",Hydrophilic coating reduces friction by 50% | Cross-shaped four-way deflection control | Lightweight single-handed handle | Designed for unexplained bile duct strictures and ERCP stone procedures,Unexplained bile duct strictures and ERCP-related stone procedures via pancreaticobiliary endoscopy,Patients with bile duct strictures or biliary stones,Model: CHS-101,,,cleared,,NMPA 20232061141,ez-eye-bilio.jpg
ez-vista-bilio,EZ-Vista™ Bilio™ Electronic Endoscope Imaging Processor,MicroPort Urocare,Endoscopy & Urology,Endoscopes & visualization,Biliopancreatic endoscopic imaging processor,Dedicated imaging processor for biliopancreatic endoscopy system,"The EZ-Vista Bilio is an electronic endoscope imaging processor designed for use with biliopancreatic endoscopy, providing image processing for diagnostic and therapeutic cholangioscopy procedures.",Purpose-built for biliopancreatic endoscopy system,Image processing for biliopancreatic endoscopic examination and treatment,Patients undergoing biliopancreatic endoscopy,Model: VP-200A,,,cleared,,NMPA 20232061141,ez-vista-bilio.jpg
ez-eye-airway,EZ-Eye™ Airway™ Disposable Electronic Bronchoscope,MicroPort Urocare,Endoscopy & Urology,Endoscopes & visualization,Disposable electronic bronchoscope,Single-use electronic bronchoscope for trachea and bronchi observation and treatment,"The EZ-Eye Airway is a disposable electronic bronchoscope designed for use with electronic endoscope image processors to provide imaging for observation, diagnosis, and treatment of the trachea and bronchi via video monitor.",Single-use design | Compatible with electronic endoscope processors | Multiple model variants,"Observation, diagnosis, and treatment of the trachea and bronchi",,Models: BRS-101S | BRS-101R | BRS-101L,,,cleared,,NMPA 20242061356,ez-eye-airway.jpg
ez-cross-tristep,EZ-Cross™ TriStep™ Gastroenteric Balloon Dilation Catheter,MicroPort Urocare,Endoscopy & Urology,Balloon catheters,Gastroenteric balloon dilation catheter,Multi-diameter balloon catheter for dilation of alimentary tract strictures,"The EZ-Cross TriStep offers stable multi-step dilation for any part of alimentary tract strictures, with a streamlined profile and non-invasive tip design for optimal passability.",Three sequential dilation diameters per balloon | Streamlined profile | Non-invasive tip | Compatible with multiple guidewire lengths,Dilation of alimentary tract strictures,Patients with digestive or biliopancreatic tract strictures,Effective catheter length: 1800mm | 2400mm | Balloon OD (Fr): 6-7-8 | 8-9-10 | 10-11-12 | 12-13.5-15 | 15-16.5-18 | 18-19-20 | Compatible guidewire length: 2300mm | 2900mm,,,cleared,,NMPA 20242021685,ez-cross-tristep.jpg
ez-captcher-bilio,EZ-Captcher™ Bilio™ Stone Extraction Basket,MicroPort Urocare,Endoscopy & Urology,Stone retrieval devices,Biliary stone retrieval basket,Retrieval basket for stone removal via oral or percutaneous bile duct endoscopy,"The EZ-Captcher Bilio is a stone extraction basket designed for stone retrieval via oral or percutaneous bile duct endoscopy, available in multiple tip configurations and open widths.","Multiple tip shapes: 4-wire semi-circle, 4-wire spiral, 8-wire | Open widths from 6mm to 20mm",Stone retrieval via oral or percutaneous bile duct endoscopy,Patients with biliary stones,Tip: 4-wire semi-circle | 4-wire spiral | 8-wire | Open width: 6mm | 8mm | 10mm | 15mm | 20mm,,,cleared,,NMPA 20242021485,ez-captcher-bilio.jpg
ez-knife-gyn,EZ-Knife™ GYN Disposable Tissue Shaver,MicroPort Urocare,Endoscopy & Urology,Surgical instruments,Disposable hysteroscopic tissue shaver,Disposable shaver for resection of soft tissues and myomas via hysteroscope,"The EZ-Knife GYN features multiple tooth head shapes for resecting various soft tissues, soft and hard myomas, and diseased tissues. Its double-sided cutting edge improves resection efficiency, and three outer diameter options accommodate various hysteroscope working channels.",Multiple tooth head shape specifications | Double-sided cutting edge | Three outer diameter options | High-hardness stainless steel construction,"Resection of soft tissues, myomas, or diseased tissues during hysteroscopic procedures",Patients with gynecological intrauterine disease,Models: ML-A/B/C/D series in 32542-SC | 32540-SC | 32530-SC configurations,,,cleared,,NMPA 20242010310,ez-knife-gyn.jpg
ez-vista-uroway,EZ-Vista™ Uroway™ Video Processor,MicroPort Urocare,Endoscopy & Urology,Endoscopes & visualization,Urological endoscopic video processor,Video processor for urological endoscopes with auto-focus and recording functions,"The EZ-Vista Uroway is used with electronic endoscopes to process and deliver images to a display monitor. It features automatic focus and white balance, freeze frame, contrast and brightness adjustment, zoom, and recording functions.",Automatic focus and white balance | Freeze frame | Contrast and brightness adjustment | Zoom and recording functions,Image processing for urological endoscopic procedures,,Model: VP-100,,,cleared,,NMPA 20212060244,ez-vista-uroway.jpg
ez-eye-pyelo,EZ-Eye™ Pyelo Single-use Digital Ureteroscope,MicroPort Urocare,Endoscopy & Urology,Endoscopes & visualization,Single-use digital ureteroscope,Disposable digital ureteroscope for upper urinary tract observation and treatment,"The EZ-Eye Pyelo is a single-use digital ureteroscope designed for use with electronic endoscope image processors to provide imaging for observation, diagnosis, and treatment of the upper urinary tract via video monitor.",Single-use design | Normal and hydrophilic variants | Compatible with electronic endoscope processors,"Observation, diagnosis, and treatment of the upper urinary tract",Patients with upper urinary tract conditions,Models: Normal | Hydrophilic,,,cleared,,NMPA 20222060030,ez-eye-pyelo.jpg
ez-eye-pyelo-maxpro,EZ-Eye™ Pyelo MaxPro Single-use Ureteroscope,MicroPort Urocare,Endoscopy & Urology,Endoscopes & visualization,Single-use ureteroscope,Advanced single-use ureteroscope with multiple OD and length options,"The EZ-Eye Pyelo MaxPro is a single-use ureteroscope for use with electronic endoscope image processors, providing imaging for observation, diagnosis, and treatment of the upper urinary tract, available in multiple outer diameters and working lengths.",Multiple outer diameter options (7.5F and 8.7F) | Multiple working lengths | Normal and hydrophilic variants | Single-use design,"Observation, diagnosis, and treatment of the upper urinary tract",Patients with upper urinary tract conditions,OD: 8.7F | 7.5F | Length: 380mm | 650mm | 680mm | Models: Normal | Hydrophilic,,,cleared,,NMPA 20242061207,ez-eye-pyelo-maxpro.jpg
ez-guard,EZ-Guard™ Ureteral Access Sheath,MicroPort Urocare,Endoscopy & Urology,Sheaths & guiding catheters,Ureteral access sheath,Access sheath for endoscopic instrument passage into the urinary tract,"The EZ-Guard establishes a passage for endoscopic and other instruments into the urinary tract. It features a seamless dilator-to-outer-sheath transition for effective expansion, low friction for ease of scope entry, a double-locking mechanism for safety, and a spring coil design for anti-kinking resistance through tortuous segments.",Seamless dilator-to-sheath transition | Double-locking mechanism | Spring coil anti-kinking design | Low friction for scope entry,Establishing and maintaining endoscopic access to the urinary tract,Patients undergoing ureteroscopic procedures,Sizes: 9.5-14F | Length range: 130-550cm,,,cleared,,NMPA 20192020216,ez-guard.jpg
ez-guard-gopro,EZ-Guard™ GoPro Negative Pressure Ureteral Guiding Sheath,MicroPort Urocare,Endoscopy & Urology,Sheaths & guiding catheters,Negative pressure ureteral guiding sheath,Pre-bent guiding sheath with pressure relief for caliceal stone access,"The EZ-Guard GoPro features a pre-bent tip for handling upper and lower caliceal stones, a flexible reinforced outer sheath for direct caliceal access, and dual hydrophilic coatings. A flexible controllable pressure relief valve enhances stone clearance and reduces renal pressure.",Pre-bent tip for caliceal stone access | Flexible reinforced outer sheath | Dual hydrophilic coatings | Controllable pressure relief valve | Soft inner tip to minimize ureteral and renal pelvis damage,Access to upper and lower calyces for ureteroscopic stone procedures,Patients with upper or lower caliceal stones,Sizes: 9.5F-14F | Length: 150mm-550mm,,,cleared,,NMPA 20242021298,ez-guard-gopro.jpg
ez-uropath,EZ-UroPath™ Ureteral Stent,MicroPort Urocare,Endoscopy & Urology,Ureteral stents,Ureteral stent,Ureteral stent for drainage and support with tip designed for tortuous segments,The EZ-UroPath supports and drains the ureter for up to 30 days. Its tip design facilitates passage through narrow and tortuous ureteral segments and minimizes stent migration during the retention period.,Tip design for narrow and tortuous segments | Minimized stent migration | Retention time up to 30 days,Ureteral support and drainage; retention time not exceeding 30 days,Patients requiring ureteral drainage or support,Sizes: 4.7-8F | Length: 22-30cm,,,cleared,,NMPA 20192140213,ez-uropath.jpg
ez-uropath-uniway,EZ-UroPath™ Uniway™ Ureteral Stent Set,MicroPort Urocare,Endoscopy & Urology,Ureteral stents,Ureteral stent set,Ultra-thin bladder-end stent set reducing irritation and urine reflux,"The EZ-UroPath Uniway ureteral stent set supports and drains the ureter for up to 30 days. Its 3F ultra-thin solid bladder end reduces bladder irritation and urine reflux, improves patient comfort, and provides strong coil fixation to prevent displacement.",3F ultra-thin solid bladder end | Reduced bladder irritation and urine reflux | Improved comfort | Strong coil fixation | Available with or without guidewire,Ureteral support and drainage; retention time not exceeding 30 days,Patients requiring ureteral drainage or support,Sizes: 6-8F | Length: 22-30cm | Options: with guidewire or without guidewire,,,cleared,,NMPA 20192140271,ez-uropath-uniway.jpg
ez-uropath-freedom,EZ-UroPath™ Freedom™ Ureteral Stent with Hydrophilic Coating,MicroPort Urocare,Endoscopy & Urology,Ureteral stents,Hydrophilic-coated ureteral stent,Hydrophilic-coated stent for easy advancement and reduced crust formation,"The EZ-UroPath Freedom ureteral stent features a hydrophilic coating for easy advancement and reduced crust formation, combined with a tip design that facilitates passage through narrow and tortuous segments and minimizes migration.",Hydrophilic coating for easy advancement | Reduced crust formation | Tip design for narrow and tortuous segments | Minimized migration,Ureteral support and drainage; retention time not exceeding 30 days,Patients requiring ureteral drainage or support,Sizes: 4.7-8F | Length: 10-30cm,,,cleared,,NMPA 20192140215,ez-uropath-freedom.jpg
ez-uroguide-zebra,EZ-UroGuide™ Zebra Disposable Urinary Tract Guide Wire,MicroPort Urocare,Endoscopy & Urology,Guidewires,Urological guidewire,Slim-tip urological guidewire with clear X-ray positioning for narrow segments,"The EZ-UroGuide Zebra is a disposable guidewire used with endoscopes to guide catheters and place instruments in urological treatments. It features a slim tip for easy passage through narrow ureteral segments, excellent stiffness for stable advancement, and clear X-ray visibility.",Slim tip for narrow ureteral segments | Reduced trauma | Excellent stiffness for stable advancement | Clear X-ray positioning,Guiding catheters and placing instruments in urological endoscopic treatments,Patients undergoing urological endoscopic procedures,Diameters: 0.032in | 0.035in | Tip types: Straight | Angular | Ultra-thin,,,cleared,,NMPA 20192020019,ez-uroguide-zebra.jpg
ez-uroguide-freedom,EZ-UroGuide™ Freedom™ Hydrophilic Coated Guidewire for Urinary Tract,MicroPort Urocare,Endoscopy & Urology,Guidewires,Hydrophilic-coated urological guidewire,Hydrophilic-coated guidewire with anti-kinking performance and enhanced X-ray visibility,"The EZ-UroGuide Freedom is a hydrophilic-coated guidewire for use with endoscopes in urological treatments. Its durable hydrophilic coating reduces ureteral damage, and its anti-kinking design enables stable advancement with enhanced X-ray visibility for accurate positioning.",Durable hydrophilic coating | Reduced ureteral damage | Excellent anti-kinking performance | Enhanced X-ray visibility,Guiding catheters and placing instruments in urological endoscopic treatments,Patients undergoing urological endoscopic procedures,Diameters: 0.032in | 0.035in | 0.038in | Tip types: Straight | Angular,,,cleared,,NMPA 20192020394,ez-uroguide-freedom.jpg
ez-uroguide-gopro,EZ-UroGuide™ GoPro Sterile Disposable Guide Wire for Non-Vascular Luminal Tract,MicroPort Urocare,Endoscopy & Urology,Guidewires,Urological guidewire,Nickel-titanium core guidewire with stainless steel braid for anti-kinking support,"The EZ-UroGuide GoPro is a sterile single-use guidewire for urological treatments, featuring a nickel-titanium core with stainless steel braid for strong anti-kinking support and a smooth surface for easy passage through ureteral obstructions.",Nickel-titanium core | Stainless steel braid for anti-kinking | Smooth surface for passage through obstructions,Guiding catheters and placing instruments in urological endoscopic treatments,Patients undergoing urological endoscopic procedures,Diameters: 0.032in | 0.038in | Tip types: Straight | Angular | Single-soft | Dual-soft,,cleared,cleared,,NMPA 20192020214. CE G10 107287 0002 Rev.00,ez-uroguide-gopro.jpg
ez-uroguide-maxpro,EZ-UroGuide™ MaxPro Hybrid Stripe Guidewire,MicroPort Urocare,Endoscopy & Urology,Guidewires,Hybrid stripe urological guidewire,Blue-and-white striped guidewire with soft tip for controlled ureteral advancement,"The EZ-UroGuide MaxPro features classic blue and white stripes for clear guidewire tracking and enhanced X-ray visibility. An ultra-smooth soft tip reduces friction and prevents ureteral perforation, while strong support enables controlled advancement.",Blue and white stripe tracking markings | Enhanced X-ray visibility | Ultra-smooth soft tip | Prevents ureteral perforation | Strong support for controlled advancement,Guiding catheters and placing instruments in urological endoscopic treatments,Patients undergoing urological endoscopic procedures,Diameters: 0.018-0.038in | Tip types: Straight | Angular,,,cleared,,NMPA 20232021296,
ez-captcher-urograft,EZ-Captcher™ UroGraft™ Disposable Endoscope Stone Retrieval Basket,MicroPort Urocare,Endoscopy & Urology,Stone retrieval devices,Urological stone retrieval basket,Umbrella-design basket for capturing and removing stones of any size in the ureter,"The EZ-Captcher UroGraft is used to capture, maneuver, and remove stones and foreign objects during urological procedures. Its umbrella design conforms to the ureter and blocks stones of any size, with easy passage through curved and narrow areas.",Umbrella design conforms to ureter | Blocks stones of any size | Easy passage through curved and narrow segments | Multiple specification options | General and film type variants,Capturing and removing stones and foreign objects during urological endoscopic procedures,Patients with urological stones or foreign objects,Models: General Type | Film Type,,cleared,cleared,,NMPA 20192020027. CE G10 107287 0002 Rev.00,ez-captcher-urograft.jpg
ez-captcher-nephro,EZ-Captcher™ Nephro™ Disposable Endoscope Stone Retrieval Basket,MicroPort Urocare,Endoscopy & Urology,Stone retrieval devices,Urological stone retrieval basket,Stable-structure basket for stone retrieval with flexible soft-scope compatibility,"The EZ-Captcher Nephro is designed for capturing, maneuvering, and removing stones and foreign objects in urological treatments. It features a stable structure for reliable stone retrieval, flexible use with soft scopes without affecting bending, and precise basket opening control from 8-15mm.",Stable structure for reliable stone retrieval | Flexible with soft scopes | Reusable without basket damage | Precise opening control 8-15mm,Capturing and removing stones and foreign objects during urological endoscopic procedures,Patients with urological stones or foreign objects,Open width: 8-15mm,,cleared,cleared,,NMPA 20202020924. CE G10 107287 0002 Rev.00,ez-captcher-nephro.jpg
ez-captcher-nephro-plus,EZ-Captcher™ Nephro™ Plus Disposable Endoscope Stone Retrieval Basket,MicroPort Urocare,Endoscopy & Urology,Stone retrieval devices,Urological stone retrieval basket,Ultra-thin 1.3F basket for efficient stone retrieval at full flexible scope angles,The EZ-Captcher Nephro Plus features an ultra-thin 1.3F basket that minimizes kidney damage and maintains efficiency during full-angle bending of flexible scopes. It improves fluid return efficiency and allows 360° rotation for precise stone retrieval.,Ultra-thin 1.3F basket | Maintains efficiency at full flexible scope angles | Improved fluid return efficiency | 360° rotation for precise control | Minimizes kidney damage,Capturing and removing stones and foreign objects in the urinary system with endoscopic assistance,Patients with urological stones or foreign objects,Model: GF-1200,,,cleared,,NMPA 20232021304,
ez-swordman-uro,EZ-SwordMan™ Uro Percutaneous Nephrostomy Kit,MicroPort Urocare,Endoscopy & Urology,Surgical instruments,Percutaneous nephrostomy kit,Step-expansion nephrostomy kit with short tip to minimize renal damage,"The EZ-SwordMan Uro is used in percutaneous puncture surgeries for dilating, establishing, and maintaining the puncture channel. It features stepwise expansion from 8-24F for safety, a short tip design to minimize renal damage, and a hollow needle core for fluid flow observation.",Stepwise expansion 8-24F | Short tip to minimize renal damage | Hollow needle core for fluid flow observation | Strong guidewire support | Innovative sheath base for easier tearing,"Dilating, establishing, and maintaining the percutaneous nephrostomy puncture channel",Patients requiring percutaneous nephrostomy,Sizes: 14-24F,,,cleared,,NMPA 20202020797,ez-swordman-uro.jpg
ez-urocross-uropack,EZ-UroCross™ UroPack™ High Pressure Nephrostomy Balloon Catheter,MicroPort Urocare,Endoscopy & Urology,Balloon catheters,High-pressure nephrostomy balloon catheter,High-pressure balloon catheter for precise and efficient nephrostomy channel dilation,"The EZ-UroCross UroPack is used in percutaneous nephrostomy to dilate the nephrostomy channel and place a working sheath. It provides precise, safe, and efficient expansion with less bleeding and a short shoulder design for added safety.",Precise and efficient expansion | Less bleeding | Short shoulder design for safety,Dilating the nephrostomy channel and placing a working sheath during percutaneous nephrostomy,Patients requiring percutaneous nephrostomy,Sizes: 18F-30F,,,cleared,,NMPA 20212030234,ez-urocross-uropack.jpg
ez-urocross-uroway,EZ-UroCross™ UroWay™ Nephrostomy Balloon Catheter,MicroPort Urocare,Endoscopy & Urology,Balloon catheters,Nephrostomy balloon catheter,Nephrostomy balloon catheter with angled needle tip and hollow core for puncture guidance,"The EZ-UroCross UroWay is used in percutaneous nephrostomy to dilate the nephrostomy channel and place a working sheath. It features precise and efficient expansion with less bleeding, an angled needle tip for easier puncture, and a hollow needle core for observing fluid flow.",Precise and efficient expansion | Less bleeding | Angled needle tip for easier puncture | Hollow needle core for fluid flow observation,Dilating the nephrostomy channel and placing a working sheath during percutaneous nephrostomy,Patients requiring percutaneous nephrostomy,Sizes: 18F-30F,,,cleared,,NMPA 20182030350,ez-urocross-uroway.jpg
ez-urocross-ureteral,EZ-UroCross™ Ureteral Dilatation Balloon Catheter,MicroPort Urocare,Endoscopy & Urology,Balloon catheters,Ureteral dilatation balloon catheter,Non-compliant high-pressure balloon catheter for safe ureteral stricture dilation,"The EZ-UroCross ureteral dilatation balloon catheter dilates ureteral strictures or prepares for ureteroscopy and stone procedures. Its non-compliant balloon rated to 20 ATM maintains shape under high pressure, and its hydrophilic surface coating aids passage through narrow and tortuous segments.",Non-compliant balloon rated to 20 ATM | Maintains shape and diameter under high pressure | Hydrophilic surface coating | Short shoulder design for proximity to stricture,Intraluminal dilation of ureteral strictures or dilation prior to ureteroscopy or stone procedures,Patients with ureteral strictures,OD: 4-10mm | Balloon length: 4-10cm,,,cleared,,NMPA 20192140459,ez-urocross-ureteral.jpg
